1,1,0,0,1,0,0,1,0,0
2,1,0,1,0,0,1,0.5,0,0.5
3,1,0,2,0,0,1,0.3333333333333333,0,0.6666666666666666
4,1,1,3,0,1,1,0.25,0.25,0.75
5,1,1,4,0,0,1,0.2,0.2,0.8
6,1,1,5,0,0,1,0.16666666666666666,0.16666666666666666,0.8333333333333334
7,1,2,5,0,1,0,0.14285714285714285,0.2857142857142857,0.7142857142857143
8,1,2,6,0,0,1,0.125,0.25,0.75
9,1,2,6,0,0,0,0.1111111111111111,0.2222222222222222,0.6666666666666666
10,1,2,6,0,0,0,0.1,0.2,0.6
11,1,2,7,0,0,1,0.09090909090909091,0.18181818181818182,0.6363636363636364
12,1,2,8,0,0,1,0.08333333333333333,0.16666666666666666,0.6666666666666666
13,1,3,9,0,1,1,0.07692307692307693,0.23076923076923078,0.6923076923076923
14,1,3,9,0,0,0,0.07142857142857142,0.21428571428571427,0.6428571428571429
15,2,3,10,1,0,1,0.13333333333333333,0.2,0.6666666666666666
16,2,3,10,0,0,0,0.125,0.1875,0.625
17,2,3,10,0,0,0,0.11764705882352941,0.17647058823529413,0.5882352941176471
18,2,3,11,0,0,1,0.1111111111111111,0.16666666666666666,0.6111111111111112
19,3,3,11,1,0,0,0.15789473684210525,0.15789473684210525,0.5789473684210527
20,3,4,11,0,1,0,0.15,0.2,0.55
21,3,4,11,0,0,0,0.14285714285714285,0.19047619047619047,0.5238095238095238
22,3,4,12,0,0,1,0.13636363636363635,0.18181818181818182,0.5454545454545454
23,3,4,13,0,0,1,0.13043478260869565,0.17391304347826086,0.5652173913043478
24,3,5,14,0,1,1,0.125,0.20833333333333334,0.5833333333333334
25,3,5,14,0,0,0,0.12,0.2,0.56
26,3,5,15,0,0,1,0.11538461538461539,0.19230769230769232,0.5769230769230769
27,3,5,16,0,0,1,0.1111111111111111,0.18518518518518517,0.5925925925925926
28,4,6,17,1,1,1,0.14285714285714285,0.21428571428571427,0.6071428571428571
29,4,6,18,0,0,1,0.13793103448275862,0.20689655172413793,0.6206896551724138
30,4,6,19,0,0,1,0.13333333333333333,0.2,0.6333333333333333
31,4,6,19,0,0,0,0.12903225806451613,0.1935483870967742,0.6129032258064516
32,4,6,20,0,0,1,0.125,0.1875,0.625
33,5,7,20,1,1,0,0.15151515151515152,0.21212121212121213,0.6060606060606061
34,5,8,20,0,1,0,0.14705882352941177,0.23529411764705882,0.5882352941176471
35,5,8,20,0,0,0,0.14285714285714285,0.22857142857142856,0.5714285714285714
36,5,8,21,0,0,1,0.1388888888888889,0.2222222222222222,0.5833333333333334
37,5,8,22,0,0,1,0.13513513513513514,0.21621621621621623,0.5945945945945946
38,5,9,23,0,1,1,0.13157894736842105,0.23684210526315788,0.6052631578947368
39,5,9,24,0,0,1,0.1282051282051282,0.23076923076923078,0.6153846153846154
40,5,9,25,0,0,1,0.125,0.225,0.625
41,5,10,26,0,1,1,0.12195121951219512,0.24390243902439024,0.6341463414634146
42,6,10,26,1,0,0,0.14285714285714285,0.23809523809523808,0.6190476190476191
43,6,10,26,0,0,0,0.13953488372093023,0.23255813953488372,0.6046511627906976
44,6,10,27,0,0,1,0.13636363636363635,0.22727272727272727,0.6136363636363636
45,7,11,27,1,1,0,0.15555555555555556,0.24444444444444444,0.6
46,7,11,28,0,0,1,0.15217391304347827,0.2391304347826087,0.6086956521739131
47,7,11,29,0,0,1,0.14893617021276595,0.23404255319148937,0.6170212765957447
48,7,11,29,0,0,0,0.14583333333333334,0.22916666666666666,0.6041666666666666
49,7,11,29,0,0,0,0.14285714285714285,0.22448979591836735,0.5918367346938775
50,7,11,30,0,0,1,0.14,0.22,0.6
51,7,11,31,0,0,1,0.13725490196078433,0.21568627450980393,0.6078431372549019
52,7,11,32,0,0,1,0.1346153846153846,0.21153846153846154,0.6153846153846154
53,7,11,33,0,0,1,0.1320754716981132,0.20754716981132076,0.6226415094339622
54,7,11,33,0,0,0,0.12962962962962962,0.2037037037037037,0.6111111111111112
55,7,11,34,0,0,1,0.12727272727272726,0.2,0.6181818181818182
56,7,11,35,0,0,1,0.125,0.19642857142857142,0.625
57,7,12,36,0,1,1,0.12280701754385964,0.21052631578947367,0.631578947368421
58,7,12,36,0,0,0,0.1206896551724138,0.20689655172413793,0.6206896551724138
59,7,12,37,0,0,1,0.11864406779661017,0.2033898305084746,0.6271186440677966
60,8,12,38,1,0,1,0.13333333333333333,0.2,0.6333333333333333
61,8,12,39,0,0,1,0.13114754098360656,0.19672131147540983,0.639344262295082
62,8,12,40,0,0,1,0.12903225806451613,0.1935483870967742,0.6451612903225806
63,8,12,40,0,0,0,0.12698412698412698,0.19047619047619047,0.6349206349206349
64,8,12,41,0,0,1,0.125,0.1875,0.640625
65,8,12,42,0,0,1,0.12307692307692308,0.18461538461538463,0.6461538461538462
66,8,12,43,0,0,1,0.12121212121212122,0.18181818181818182,0.6515151515151515
67,8,13,44,0,1,1,0.11940298507462686,0.19402985074626866,0.6567164179104478
68,8,13,44,0,0,0,0.11764705882352941,0.19117647058823528,0.6470588235294118
69,8,13,45,0,0,1,0.11594202898550725,0.18840579710144928,0.6521739130434783
70,8,14,46,0,1,1,0.11428571428571428,0.2,0.6571428571428571
71,8,15,46,0,1,0,0.11267605633802817,0.2112676056338028,0.647887323943662
72,8,15,46,0,0,0,0.1111111111111111,0.20833333333333334,0.6388888888888888
73,8,15,47,0,0,1,0.1095890410958904,0.2054794520547945,0.6438356164383562
74,8,16,48,0,1,1,0.10810810810810811,0.21621621621621623,0.6486486486486487
75,8,16,49,0,0,1,0.10666666666666667,0.21333333333333335,0.6533333333333333
76,8,17,49,0,1,0,0.10526315789473684,0.2236842105263158,0.6447368421052632
77,9,18,50,1,1,1,0.11688311688311688,0.23376623376623376,0.6493506493506493
78,9,18,51,0,0,1,0.11538461538461539,0.23076923076923078,0.6538461538461539
79,9,19,52,0,1,1,0.11392405063291139,0.24050632911392406,0.6582278481012658
80,9,19,53,0,0,1,0.1125,0.2375,0.6625
81,9,20,54,0,1,1,0.1111111111111111,0.24691358024691357,0.6666666666666666
82,9,20,55,0,0,1,0.10975609756097561,0.24390243902439024,0.6707317073170732
83,9,20,55,0,0,0,0.10843373493975904,0.24096385542168675,0.6626506024096386
84,9,20,56,0,0,1,0.10714285714285714,0.23809523809523808,0.6666666666666666
85,9,20,56,0,0,0,0.10588235294117647,0.23529411764705882,0.6588235294117647
86,10,21,57,1,1,1,0.11627906976744186,0.2441860465116279,0.6627906976744186
87,10,21,58,0,0,1,0.11494252873563218,0.2413793103448276,0.6666666666666666
88,11,21,59,1,0,1,0.125,0.23863636363636365,0.6704545454545454
89,11,21,60,0,0,1,0.12359550561797752,0.23595505617977527,0.6741573033707865
90,11,21,61,0,0,1,0.12222222222222222,0.23333333333333334,0.6777777777777778
91,12,21,61,1,0,0,0.13186813186813187,0.23076923076923078,0.6703296703296703
92,12,22,62,0,1,1,0.13043478260869565,0.2391304347826087,0.6739130434782609
93,12,22,63,0,0,1,0.12903225806451613,0.23655913978494625,0.6774193548387096
94,13,22,64,1,0,1,0.13829787234042554,0.23404255319148937,0.6808510638297872
95,13,22,65,0,0,1,0.1368421052631579,0.23157894736842105,0.6842105263157895
96,13,22,66,0,0,1,0.13541666666666666,0.22916666666666666,0.6875
97,13,22,67,0,0,1,0.13402061855670103,0.2268041237113402,0.6907216494845361
98,13,22,68,0,0,1,0.1326530612244898,0.22448979591836735,0.6938775510204082
99,14,22,69,1,0,1,0.1414141414141414,0.2222222222222222,0.696969696969697
100,14,23,70,0,1,1,0.14,0.23,0.7
101,14,23,71,0,0,1,0.13861386138613863,0.22772277227722773,0.7029702970297029
102,15,23,71,1,0,0,0.14705882352941177,0.22549019607843138,0.696078431372549
103,15,23,72,0,0,1,0.14563106796116504,0.22330097087378642,0.6990291262135923
104,15,23,72,0,0,0,0.14423076923076922,0.22115384615384615,0.6923076923076923
105,16,23,73,1,0,1,0.1523809523809524,0.21904761904761905,0.6952380952380952
106,16,23,74,0,0,1,0.1509433962264151,0.2169811320754717,0.6981132075471698
107,16,23,75,0,0,1,0.14953271028037382,0.21495327102803738,0.7009345794392523
108,16,23,76,0,0,1,0.14814814814814814,0.21296296296296297,0.7037037037037037
109,16,24,77,0,1,1,0.14678899082568808,0.22018348623853212,0.7064220183486238
110,16,24,77,0,0,0,0.14545454545454545,0.21818181818181817,0.7
111,16,24,78,0,0,1,0.14414414414414414,0.21621621621621623,0.7027027027027027
112,16,25,79,0,1,1,0.14285714285714285,0.22321428571428573,0.7053571428571429
113,17,25,80,1,0,1,0.1504424778761062,0.22123893805309736,0.7079646017699115
114,17,25,81,0,0,1,0.14912280701754385,0.21929824561403508,0.7105263157894737
115,17,25,82,0,0,1,0.14782608695652175,0.21739130434782608,0.7130434782608696
116,17,25,83,0,0,1,0.14655172413793102,0.21551724137931033,0.7155172413793104
117,17,25,84,0,0,1,0.1452991452991453,0.21367521367521367,0.717948717948718
118,17,25,84,0,0,0,0.1440677966101695,0.211864406779661,0.711864406779661
119,17,25,84,0,0,0,0.14285714285714285,0.21008403361344538,0.7058823529411765
120,17,26,85,0,1,1,0.14166666666666666,0.21666666666666667,0.7083333333333334
121,17,26,86,0,0,1,0.14049586776859505,0.21487603305785125,0.7107438016528925
122,18,26,87,1,0,1,0.14754098360655737,0.21311475409836064,0.7131147540983607
123,18,26,88,0,0,1,0.14634146341463414,0.21138211382113822,0.7154471544715447
124,18,26,89,0,0,1,0.14516129032258066,0.20967741935483872,0.717741935483871
125,18,26,89,0,0,0,0.144,0.208,0.712
126,18,27,90,0,1,1,0.14285714285714285,0.21428571428571427,0.7142857142857143
127,18,27,90,0,0,0,0.14173228346456693,0.2125984251968504,0.7086614173228346
128,18,27,90,0,0,0,0.140625,0.2109375,0.703125
129,18,28,90,0,1,0,0.13953488372093023,0.21705426356589147,0.6976744186046512
130,18,28,91,0,0,1,0.13846153846153847,0.2153846153846154,0.7
131,18,28,91,0,0,0,0.13740458015267176,0.21374045801526717,0.6946564885496184
132,18,28,92,0,0,1,0.13636363636363635,0.21212121212121213,0.696969696969697
133,18,28,92,0,0,0,0.13533834586466165,0.21052631578947367,0.6917293233082706
134,18,28,93,0,0,1,0.13432835820895522,0.208955223880597,0.6940298507462687
135,18,28,94,0,0,1,0.13333333333333333,0.2074074074074074,0.6962962962962963
136,18,28,95,0,0,1,0.1323529411764706,0.20588235294117646,0.6985294117647058
137,18,29,95,0,1,0,0.13138686131386862,0.2116788321167883,0.6934306569343066
138,18,30,96,0,1,1,0.13043478260869565,0.21739130434782608,0.6956521739130435
139,18,30,96,0,0,0,0.12949640287769784,0.2158273381294964,0.6906474820143885
140,18,31,97,0,1,1,0.12857142857142856,0.22142857142857142,0.6928571428571428
141,18,31,97,0,0,0,0.1276595744680851,0.2198581560283688,0.6879432624113475
142,18,32,97,0,1,0,0.1267605633802817,0.22535211267605634,0.6830985915492958
143,18,32,98,0,0,1,0.1258741258741259,0.22377622377622378,0.6853146853146853
144,18,32,99,0,0,1,0.125,0.2222222222222222,0.6875
145,18,32,99,0,0,0,0.12413793103448276,0.2206896551724138,0.6827586206896552
146,18,32,100,0,0,1,0.1232876712328767,0.2191780821917808,0.684931506849315
147,18,32,101,0,0,1,0.12244897959183673,0.21768707482993196,0.6870748299319728
148,18,32,102,0,0,1,0.12162162162162163,0.21621621621621623,0.6891891891891891
149,19,33,102,1,1,0,0.12751677852348994,0.2214765100671141,0.6845637583892618
150,19,33,103,0,0,1,0.12666666666666668,0.22,0.6866666666666666
151,19,33,104,0,0,1,0.12582781456953643,0.2185430463576159,0.6887417218543046
152,19,33,105,0,0,1,0.125,0.21710526315789475,0.6907894736842105
153,19,33,106,0,0,1,0.12418300653594772,0.21568627450980393,0.6928104575163399
154,19,34,107,0,1,1,0.12337662337662338,0.22077922077922077,0.6948051948051948
155,19,34,108,0,0,1,0.12258064516129032,0.21935483870967742,0.6967741935483871
156,19,34,109,0,0,1,0.12179487179487179,0.21794871794871795,0.6987179487179487
157,19,34,110,0,0,1,0.12101910828025478,0.21656050955414013,0.7006369426751592
158,19,34,111,0,0,1,0.12025316455696203,0.21518987341772153,0.7025316455696202
159,19,34,111,0,0,0,0.11949685534591195,0.2138364779874214,0.6981132075471698
160,20,34,112,1,0,1,0.125,0.2125,0.7
161,20,34,112,0,0,0,0.12422360248447205,0.2111801242236025,0.6956521739130435
162,20,34,112,0,0,0,0.12345679012345678,0.20987654320987653,0.691358024691358
163,21,34,113,1,0,1,0.12883435582822086,0.2085889570552147,0.6932515337423313
164,21,34,114,0,0,1,0.12804878048780488,0.2073170731707317,0.6951219512195121
165,22,34,115,1,0,1,0.13333333333333333,0.20606060606060606,0.696969696969697
166,22,34,116,0,0,1,0.13253012048192772,0.20481927710843373,0.6987951807228916
167,22,34,117,0,0,1,0.1317365269461078,0.20359281437125748,0.7005988023952096
168,22,34,118,0,0,1,0.13095238095238096,0.20238095238095238,0.7023809523809523
169,22,34,119,0,0,1,0.1301775147928994,0.20118343195266272,0.7041420118343196
170,22,34,119,0,0,0,0.12941176470588237,0.2,0.7
171,22,34,119,0,0,0,0.1286549707602339,0.19883040935672514,0.695906432748538
172,22,34,120,0,0,1,0.12790697674418605,0.19767441860465115,0.6976744186046512
173,22,34,121,0,0,1,0.12716763005780346,0.19653179190751446,0.6994219653179191
174,22,34,122,0,0,1,0.12643678160919541,0.19540229885057472,0.7011494252873564
175,22,34,123,0,0,1,0.12571428571428572,0.19428571428571428,0.7028571428571428
176,22,34,124,0,0,1,0.125,0.19318181818181818,0.7045454545454546
177,23,34,125,1,0,1,0.12994350282485875,0.192090395480226,0.7062146892655368
178,23,34,126,0,0,1,0.12921348314606743,0.19101123595505617,0.7078651685393258
179,23,34,127,0,0,1,0.12849162011173185,0.18994413407821228,0.7094972067039106
180,23,34,128,0,0,1,0.12777777777777777,0.18888888888888888,0.7111111111111111
181,23,34,129,0,0,1,0.1270718232044199,0.1878453038674033,0.712707182320442
182,23,34,129,0,0,0,0.12637362637362637,0.18681318681318682,0.7087912087912088
183,23,34,130,0,0,1,0.12568306010928962,0.18579234972677597,0.7103825136612022
184,23,34,131,0,0,1,0.125,0.18478260869565216,0.7119565217391305
185,23,34,132,0,0,1,0.12432432432432433,0.1837837837837838,0.7135135135135136
186,23,34,132,0,0,0,0.12365591397849462,0.1827956989247312,0.7096774193548387
187,23,34,133,0,0,1,0.12299465240641712,0.18181818181818182,0.7112299465240641
188,23,34,134,0,0,1,0.12234042553191489,0.18085106382978725,0.7127659574468085
189,23,34,134,0,0,0,0.12169312169312169,0.17989417989417988,0.708994708994709
190,23,34,135,0,0,1,0.12105263157894737,0.17894736842105263,0.7105263157894737
191,23,34,136,0,0,1,0.12041884816753927,0.17801047120418848,0.7120418848167539
192,23,34,137,0,0,1,0.11979166666666667,0.17708333333333334,0.7135416666666666
193,23,34,138,0,0,1,0.11917098445595854,0.17616580310880828,0.7150259067357513
194,23,35,138,0,1,0,0.11855670103092783,0.18041237113402062,0.711340206185567
195,24,35,139,1,0,1,0.12307692307692308,0.1794871794871795,0.7128205128205128
196,24,35,139,0,0,0,0.12244897959183673,0.17857142857142858,0.7091836734693877
197,24,35,140,0,0,1,0.1218274111675127,0.17766497461928935,0.7106598984771574
198,24,36,141,0,1,1,0.12121212121212122,0.18181818181818182,0.7121212121212122
199,24,36,142,0,0,1,0.12060301507537688,0.18090452261306533,0.7135678391959799
200,24,36,142,0,0,0,0.12,0.18,0.71
201,24,36,143,0,0,1,0.11940298507462686,0.1791044776119403,0.7114427860696517
202,24,36,143,0,0,0,0.1188118811881188,0.1782178217821782,0.7079207920792079
203,24,37,144,0,1,1,0.11822660098522167,0.18226600985221675,0.7093596059113301
204,24,38,145,0,1,1,0.11764705882352941,0.18627450980392157,0.7107843137254902
205,24,38,145,0,0,0,0.11707317073170732,0.18536585365853658,0.7073170731707317
206,24,38,146,0,0,1,0.11650485436893204,0.18446601941747573,0.7087378640776699
207,24,38,147,0,0,1,0.11594202898550725,0.18357487922705315,0.7101449275362319
208,24,38,148,0,0,1,0.11538461538461539,0.18269230769230768,0.7115384615384616
209,24,38,148,0,0,0,0.11483253588516747,0.18181818181818182,0.7081339712918661
210,24,39,149,0,1,1,0.11428571428571428,0.18571428571428572,0.7095238095238096
211,24,39,150,0,0,1,0.11374407582938388,0.1848341232227488,0.7109004739336493
212,24,39,150,0,0,0,0.11320754716981132,0.18396226415094338,0.7075471698113207
213,24,40,151,0,1,1,0.11267605633802817,0.18779342723004694,0.7089201877934272
214,24,40,152,0,0,1,0.11214953271028037,0.18691588785046728,0.7102803738317757
215,25,40,153,1,0,1,0.11627906976744186,0.18604651162790697,0.7116279069767442
216,25,40,154,0,0,1,0.11574074074074074,0.18518518518518517,0.7129629629629629
217,25,40,154,0,0,0,0.1152073732718894,0.18433179723502305,0.7096774193548387
218,25,40,155,0,0,1,0.11467889908256881,0.1834862385321101,0.7110091743119266
219,25,40,155,0,0,0,0.1141552511415525,0.182648401826484,0.7077625570776256
220,25,41,156,0,1,1,0.11363636363636363,0.18636363636363637,0.7090909090909091
221,25,41,157,0,0,1,0.11312217194570136,0.18552036199095023,0.7104072398190046
222,26,41,158,1,0,1,0.11711711711711711,0.18468468468468469,0.7117117117117117
223,26,41,159,0,0,1,0.11659192825112108,0.18385650224215247,0.7130044843049327
224,26,41,160,0,0,1,0.11607142857142858,0.18303571428571427,0.7142857142857143
225,26,41,160,0,0,0,0.11555555555555555,0.18222222222222223,0.7111111111111111
226,26,41,161,0,0,1,0.11504424778761062,0.18141592920353983,0.7123893805309734
227,26,42,161,0,1,0,0.1145374449339207,0.18502202643171806,0.7092511013215859
228,26,42,162,0,0,1,0.11403508771929824,0.18421052631578946,0.7105263157894737
229,26,42,163,0,0,1,0.11353711790393013,0.18340611353711792,0.7117903930131004
230,26,42,164,0,0,1,0.11304347826086956,0.1826086956521739,0.7130434782608696
231,26,42,164,0,0,0,0.11255411255411256,0.18181818181818182,0.70995670995671
232,26,42,165,0,0,1,0.11206896551724138,0.1810344827586207,0.7112068965517241
233,26,42,166,0,0,1,0.11158798283261803,0.18025751072961374,0.7124463519313304
234,26,42,167,0,0,1,0.1111111111111111,0.1794871794871795,0.7136752136752137
235,26,42,167,0,0,0,0.11063829787234042,0.17872340425531916,0.7106382978723405
236,26,42,167,0,0,0,0.11016949152542373,0.17796610169491525,0.7076271186440678
237,26,43,167,0,1,0,0.10970464135021098,0.18143459915611815,0.7046413502109705
238,26,43,167,0,0,0,0.1092436974789916,0.18067226890756302,0.7016806722689075
239,26,43,168,0,0,1,0.1087866108786611,0.1799163179916318,0.702928870292887
240,26,44,168,0,1,0,0.10833333333333334,0.18333333333333332,0.7
241,26,44,169,0,0,1,0.1078838174273859,0.1825726141078838,0.7012448132780082
242,26,44,170,0,0,1,0.10743801652892562,0.18181818181818182,0.7024793388429752
243,26,44,170,0,0,0,0.10699588477366255,0.18106995884773663,0.6995884773662552
244,26,45,170,0,1,0,0.10655737704918032,0.18442622950819673,0.6967213114754098
245,26,46,171,0,1,1,0.10612244897959183,0.18775510204081633,0.6979591836734694
246,26,46,172,0,0,1,0.10569105691056911,0.18699186991869918,0.6991869918699187
247,26,46,172,0,0,0,0.10526315789473684,0.1862348178137652,0.6963562753036437
248,26,46,172,0,0,0,0.10483870967741936,0.18548387096774194,0.6935483870967742
249,26,46,173,0,0,1,0.10441767068273092,0.18473895582329317,0.6947791164658634
250,26,46,173,0,0,0,0.104,0.184,0.692
251,26,46,174,0,0,1,0.10358565737051793,0.18326693227091634,0.6932270916334662
252,26,46,175,0,0,1,0.10317460317460317,0.18253968253968253,0.6944444444444444
253,26,46,176,0,0,1,0.10276679841897234,0.18181818181818182,0.6956521739130435
254,26,46,177,0,0,1,0.10236220472440945,0.18110236220472442,0.6968503937007874
255,26,46,177,0,0,0,0.10196078431372549,0.1803921568627451,0.6941176470588235
256,26,46,178,0,0,1,0.1015625,0.1796875,0.6953125
257,26,47,179,0,1,1,0.10116731517509728,0.1828793774319066,0.6964980544747081
258,26,47,180,0,0,1,0.10077519379844961,0.1821705426356589,0.6976744186046512
259,26,48,181,0,1,1,0.10038610038610038,0.18532818532818532,0.6988416988416989
260,27,48,182,1,0,1,0.10384615384615385,0.18461538461538463,0.7
261,28,48,182,1,0,0,0.10727969348659004,0.1839080459770115,0.6973180076628352
262,28,48,183,0,0,1,0.10687022900763359,0.183206106870229,0.6984732824427481
263,29,48,184,1,0,1,0.11026615969581749,0.18250950570342206,0.6996197718631179
264,29,48,185,0,0,1,0.10984848484848485,0.18181818181818182,0.7007575757575758
265,30,48,185,1,0,0,0.11320754716981132,0.1811320754716981,0.6981132075471698
266,30,48,186,0,0,1,0.11278195488721804,0.18045112781954886,0.6992481203007519
267,30,48,186,0,0,0,0.11235955056179775,0.1797752808988764,0.6966292134831461
268,30,48,187,0,0,1,0.11194029850746269,0.1791044776119403,0.6977611940298507
269,30,49,188,0,1,1,0.11152416356877323,0.1821561338289963,0.6988847583643123
270,30,49,188,0,0,0,0.1111111111111111,0.1814814814814815,0.6962962962962963
271,30,50,188,0,1,0,0.11070110701107011,0.18450184501845018,0.6937269372693727
272,30,51,189,0,1,1,0.11029411764705882,0.1875,0.6948529411764706
273,31,51,190,1,0,1,0.11355311355311355,0.18681318681318682,0.6959706959706959
274,31,51,191,0,0,1,0.11313868613138686,0.18613138686131386,0.6970802919708029
275,31,51,192,0,0,1,0.11272727272727273,0.18545454545454546,0.6981818181818182
276,31,52,193,0,1,1,0.11231884057971014,0.18840579710144928,0.6992753623188406
277,31,53,194,0,1,1,0.11191335740072202,0.19133574007220217,0.7003610108303249
278,31,54,195,0,1,1,0.11151079136690648,0.19424460431654678,0.7014388489208633
279,31,55,196,0,1,1,0.1111111111111111,0.1971326164874552,0.7025089605734767
280,31,55,196,0,0,0,0.11071428571428571,0.19642857142857142,0.7
281,31,55,197,0,0,1,0.1103202846975089,0.19572953736654805,0.701067615658363
282,31,55,198,0,0,1,0.1099290780141844,0.1950354609929078,0.7021276595744681
283,31,55,198,0,0,0,0.10954063604240283,0.19434628975265017,0.6996466431095406
284,31,55,199,0,0,1,0.10915492957746478,0.1936619718309859,0.7007042253521126
285,31,55,200,0,0,1,0.10877192982456141,0.19298245614035087,0.7017543859649122
286,31,55,201,0,0,1,0.10839160839160839,0.19230769230769232,0.7027972027972028
287,32,55,202,1,0,1,0.11149825783972125,0.1916376306620209,0.7038327526132404
288,32,55,203,0,0,1,0.1111111111111111,0.1909722222222222,0.7048611111111112
289,32,55,204,0,0,1,0.11072664359861592,0.1903114186851211,0.7058823529411765
290,32,55,205,0,0,1,0.1103448275862069,0.1896551724137931,0.7068965517241379
291,32,55,205,0,0,0,0.10996563573883161,0.18900343642611683,0.7044673539518901
292,32,55,206,0,0,1,0.1095890410958904,0.18835616438356165,0.7054794520547946
293,32,55,207,0,0,1,0.10921501706484642,0.18771331058020477,0.7064846416382252
294,32,56,208,0,1,1,0.10884353741496598,0.19047619047619047,0.7074829931972789
295,32,56,209,0,0,1,0.10847457627118644,0.18983050847457628,0.7084745762711865
296,32,57,209,0,1,0,0.10810810810810811,0.19256756756756757,0.706081081081081
297,32,57,210,0,0,1,0.10774410774410774,0.1919191919191919,0.7070707070707071
298,33,57,211,1,0,1,0.11073825503355705,0.1912751677852349,0.7080536912751678
299,33,58,211,0,1,0,0.11036789297658862,0.1939799331103679,0.705685618729097
300,33,58,211,0,0,0,0.11,0.19333333333333333,0.7033333333333334
301,33,59,212,0,1,1,0.10963455149501661,0.19601328903654486,0.7043189368770764
302,33,59,212,0,0,0,0.10927152317880795,0.19536423841059603,0.7019867549668874
303,33,59,212,0,0,0,0.10891089108910891,0.19471947194719472,0.6996699669966997
304,33,59,213,0,0,1,0.10855263157894737,0.19407894736842105,0.7006578947368421
305,33,59,213,0,0,0,0.10819672131147541,0.19344262295081968,0.6983606557377049
306,33,59,214,0,0,1,0.10784313725490197,0.19281045751633988,0.6993464052287581
307,33,60,215,0,1,1,0.10749185667752444,0.19543973941368079,0.7003257328990228
308,33,60,216,0,0,1,0.10714285714285714,0.19480519480519481,0.7012987012987013
309,33,60,217,0,0,1,0.10679611650485436,0.1941747572815534,0.7022653721682848
310,34,61,218,1,1,1,0.10967741935483871,0.1967741935483871,0.7032258064516129
311,34,61,219,0,0,1,0.10932475884244373,0.19614147909967847,0.7041800643086816
312,34,61,220,0,0,1,0.10897435897435898,0.1955128205128205,0.7051282051282052
313,34,61,220,0,0,0,0.10862619808306709,0.19488817891373802,0.7028753993610224
314,34,61,221,0,0,1,0.10828025477707007,0.1942675159235669,0.7038216560509554
315,34,62,222,0,1,1,0.10793650793650794,0.19682539682539682,0.7047619047619048
316,34,62,223,0,0,1,0.10759493670886076,0.1962025316455696,0.7056962025316456
317,34,62,224,0,0,1,0.10725552050473186,0.19558359621451105,0.7066246056782335
318,34,62,224,0,0,0,0.1069182389937107,0.1949685534591195,0.7044025157232704
319,34,62,224,0,0,0,0.10658307210031348,0.19435736677115986,0.7021943573667712
320,34,62,224,0,0,0,0.10625,0.19375,0.7
321,34,62,224,0,0,0,0.1059190031152648,0.19314641744548286,0.6978193146417445
322,34,62,225,0,0,1,0.10559006211180125,0.19254658385093168,0.6987577639751553
323,34,62,225,0,0,0,0.10526315789473684,0.19195046439628483,0.6965944272445821
324,34,62,226,0,0,1,0.10493827160493827,0.19135802469135801,0.6975308641975309
325,34,62,227,0,0,1,0.10461538461538461,0.19076923076923077,0.6984615384615385
326,34,62,228,0,0,1,0.10429447852760736,0.1901840490797546,0.6993865030674846
327,34,62,228,0,0,0,0.10397553516819572,0.18960244648318042,0.6972477064220184
328,34,63,228,0,1,0,0.10365853658536585,0.19207317073170732,0.6951219512195121
329,34,63,228,0,0,0,0.1033434650455927,0.19148936170212766,0.6930091185410334
330,34,63,229,0,0,1,0.10303030303030303,0.19090909090909092,0.693939393939394
331,34,63,230,0,0,1,0.1027190332326284,0.1903323262839879,0.6948640483383686
332,34,64,231,0,1,1,0.10240963855421686,0.1927710843373494,0.6957831325301205
333,34,64,232,0,0,1,0.1021021021021021,0.1921921921921922,0.6966966966966966
334,34,64,233,0,0,1,0.10179640718562874,0.19161676646706588,0.6976047904191617
335,35,64,234,1,0,1,0.1044776119402985,0.191044776119403,0.6985074626865672
336,36,64,235,1,0,1,0.10714285714285714,0.19047619047619047,0.6994047619047619
337,36,64,235,0,0,0,0.10682492581602374,0.18991097922848665,0.6973293768545994
338,36,64,236,0,0,1,0.10650887573964497,0.1893491124260355,0.6982248520710059
339,36,65,237,0,1,1,0.10619469026548672,0.19174041297935104,0.6991150442477876
340,36,65,238,0,0,1,0.10588235294117647,0.19117647058823528,0.7
341,37,65,239,1,0,1,0.10850439882697947,0.1906158357771261,0.7008797653958945
342,37,66,239,0,1,0,0.10818713450292397,0.19298245614035087,0.6988304093567251
343,38,66,240,1,0,1,0.11078717201166181,0.1924198250728863,0.6997084548104956
344,38,66,241,0,0,1,0.11046511627906977,0.19186046511627908,0.7005813953488372
345,38,66,242,0,0,1,0.11014492753623188,0.19130434782608696,0.7014492753623188
346,38,66,243,0,0,1,0.10982658959537572,0.1907514450867052,0.7023121387283237
347,38,66,244,0,0,1,0.10951008645533142,0.19020172910662825,0.7031700288184438
348,38,67,245,0,1,1,0.10919540229885058,0.1925287356321839,0.7040229885057471
349,38,67,246,0,0,1,0.10888252148997135,0.19197707736389685,0.7048710601719198
350,38,67,247,0,0,1,0.10857142857142857,0.19142857142857142,0.7057142857142857
351,39,67,248,1,0,1,0.1111111111111111,0.1908831908831909,0.7065527065527065
352,39,67,248,0,0,0,0.11079545454545454,0.1903409090909091,0.7045454545454546
353,39,67,248,0,0,0,0.11048158640226628,0.18980169971671387,0.7025495750708215
354,40,67,249,1,0,1,0.11299435028248588,0.18926553672316385,0.7033898305084746
355,40,67,250,0,0,1,0.11267605633802817,0.18873239436619718,0.704225352112676
356,40,67,251,0,0,1,0.11235955056179775,0.18820224719101122,0.7050561797752809
357,40,67,252,0,0,1,0.11204481792717087,0.1876750700280112,0.7058823529411765
358,40,67,253,0,0,1,0.11173184357541899,0.1871508379888268,0.7067039106145251
359,40,67,254,0,0,1,0.11142061281337047,0.18662952646239556,0.7075208913649025
360,40,67,255,0,0,1,0.1111111111111111,0.18611111111111112,0.7083333333333334
361,40,67,255,0,0,0,0.11080332409972299,0.18559556786703602,0.7063711911357341
362,40,67,256,0,0,1,0.11049723756906077,0.1850828729281768,0.7071823204419889
363,40,67,256,0,0,0,0.11019283746556474,0.18457300275482094,0.7052341597796143
364,40,67,257,0,0,1,0.10989010989010989,0.18406593406593408,0.7060439560439561
365,40,67,258,0,0,1,0.1095890410958904,0.18356164383561643,0.7068493150684931
366,40,67,259,0,0,1,0.1092896174863388,0.1830601092896175,0.7076502732240437
367,40,67,260,0,0,1,0.10899182561307902,0.18256130790190736,0.7084468664850136
368,40,68,261,0,1,1,0.10869565217391304,0.18478260869565216,0.7092391304347826
369,40,68,261,0,0,0,0.10840108401084012,0.1842818428184282,0.7073170731707317
370,40,68,262,0,0,1,0.10810810810810811,0.1837837837837838,0.7081081081081081
371,40,68,263,0,0,1,0.1078167115902965,0.18328840970350405,0.7088948787061995
372,40,69,264,0,1,1,0.10752688172043011,0.18548387096774194,0.7096774193548387
373,40,69,264,0,0,0,0.10723860589812333,0.18498659517426275,0.707774798927614
374,40,69,265,0,0,1,0.10695187165775401,0.18449197860962566,0.7085561497326203
375,40,70,266,0,1,1,0.10666666666666667,0.18666666666666668,0.7093333333333334
376,40,70,267,0,0,1,0.10638297872340426,0.18617021276595744,0.7101063829787234
377,40,70,268,0,0,1,0.10610079575596817,0.1856763925729443,0.7108753315649867
378,40,70,269,0,0,1,0.10582010582010581,0.18518518518518517,0.7116402116402116
379,40,71,269,0,1,0,0.10554089709762533,0.18733509234828497,0.7097625329815304
380,40,71,270,0,0,1,0.10526315789473684,0.1868421052631579,0.7105263157894737
381,40,71,271,0,0,1,0.10498687664041995,0.18635170603674542,0.7112860892388452
382,40,71,272,0,0,1,0.10471204188481675,0.18586387434554974,0.7120418848167539
383,40,71,273,0,0,1,0.10443864229765012,0.185378590078329,0.7127937336814621
384,40,71,274,0,0,1,0.10416666666666667,0.18489583333333334,0.7135416666666666
385,40,71,274,0,0,0,0.1038961038961039,0.18441558441558442,0.7116883116883117
386,40,71,275,0,0,1,0.10362694300518134,0.18393782383419688,0.7124352331606217
387,40,72,276,0,1,1,0.10335917312661498,0.18604651162790697,0.7131782945736435
388,40,73,277,0,1,1,0.10309278350515463,0.18814432989690721,0.7139175257731959
389,41,73,278,1,0,1,0.10539845758354756,0.18766066838046272,0.7146529562982005
390,41,73,279,0,0,1,0.10512820512820513,0.18717948717948718,0.7153846153846154
391,41,73,280,0,0,1,0.10485933503836317,0.1867007672634271,0.7161125319693095
392,41,73,281,0,0,1,0.10459183673469388,0.18622448979591838,0.7168367346938775
393,41,73,282,0,0,1,0.10432569974554708,0.18575063613231552,0.7175572519083969
394,41,74,282,0,1,0,0.10406091370558376,0.18781725888324874,0.7157360406091371
395,41,74,283,0,0,1,0.10379746835443038,0.18734177215189873,0.7164556962025317
396,41,75,284,0,1,1,0.10353535353535354,0.1893939393939394,0.7171717171717171
397,41,75,284,0,0,0,0.10327455919395466,0.1889168765743073,0.7153652392947103
398,41,75,285,0,0,1,0.10301507537688442,0.1884422110552764,0.7160804020100503
399,41,75,286,0,0,1,0.10275689223057644,0.18796992481203006,0.7167919799498746
400,41,75,286,0,0,0,0.1025,0.1875,0.715
401,41,75,287,0,0,1,0.10224438902743142,0.18703241895261846,0.71571072319202
402,41,75,288,0,0,1,0.10199004975124377,0.1865671641791045,0.7164179104477612
403,41,76,289,0,1,1,0.10173697270471464,0.18858560794044665,0.71712158808933
404,41,76,289,0,0,0,0.10148514851485149,0.18811881188118812,0.7153465346534653
405,41,76,290,0,0,1,0.10123456790123457,0.18765432098765433,0.7160493827160493
406,41,76,290,0,0,0,0.10098522167487685,0.18719211822660098,0.7142857142857143
407,41,76,290,0,0,0,0.10073710073710074,0.18673218673218672,0.7125307125307125
408,41,76,291,0,0,1,0.10049019607843138,0.18627450980392157,0.7132352941176471
409,41,76,292,0,0,1,0.10024449877750612,0.18581907090464547,0.7139364303178484
410,41,76,293,0,0,1,0.1,0.18536585365853658,0.7146341463414634
411,41,76,294,0,0,1,0.09975669099756691,0.18491484184914841,0.7153284671532847
412,41,76,295,0,0,1,0.09951456310679611,0.18446601941747573,0.7160194174757282
413,41,76,296,0,0,1,0.09927360774818401,0.18401937046004843,0.7167070217917676
414,41,76,297,0,0,1,0.09903381642512077,0.18357487922705315,0.717391304347826
415,41,76,298,0,0,1,0.09879518072289156,0.18313253012048192,0.7180722891566265
416,42,76,299,1,0,1,0.10096153846153846,0.18269230769230768,0.71875
417,42,76,300,0,0,1,0.10071942446043165,0.18225419664268586,0.7194244604316546
418,42,77,300,0,1,0,0.10047846889952153,0.18421052631578946,0.7177033492822966
419,42,77,301,0,0,1,0.10023866348448687,0.18377088305489261,0.7183770883054893
420,42,77,302,0,0,1,0.1,0.18333333333333332,0.719047619047619
421,42,78,302,0,1,0,0.0997624703087886,0.18527315914489312,0.7173396674584323
422,42,78,303,0,0,1,0.0995260663507109,0.1848341232227488,0.7180094786729858
423,42,78,304,0,0,1,0.09929078014184398,0.18439716312056736,0.7186761229314421
424,42,78,304,0,0,0,0.09905660377358491,0.18396226415094338,0.7169811320754716
425,42,78,304,0,0,0,0.0988235294117647,0.18352941176470589,0.7152941176470589
426,42,78,304,0,0,0,0.09859154929577464,0.18309859154929578,0.7136150234741784
427,42,78,305,0,0,1,0.09836065573770492,0.18266978922716628,0.7142857142857143
428,42,78,306,0,0,1,0.09813084112149532,0.1822429906542056,0.7149532710280374
429,42,79,307,0,1,1,0.0979020979020979,0.18414918414918416,0.7156177156177156
430,42,79,308,0,0,1,0.09767441860465116,0.18372093023255814,0.7162790697674418
431,42,79,308,0,0,0,0.09744779582366589,0.18329466357308585,0.7146171693735499
432,42,79,309,0,0,1,0.09722222222222222,0.18287037037037038,0.7152777777777778
433,42,79,309,0,0,0,0.09699769053117784,0.18244803695150116,0.7136258660508084
434,42,79,309,0,0,0,0.0967741935483871,0.18202764976958524,0.7119815668202765
435,42,79,310,0,0,1,0.09655172413793103,0.18160919540229886,0.7126436781609196
436,42,79,311,0,0,1,0.0963302752293578,0.1811926605504587,0.713302752293578
437,42,79,312,0,0,1,0.09610983981693363,0.18077803203661327,0.7139588100686499
438,42,79,313,0,0,1,0.0958904109589041,0.18036529680365296,0.7146118721461188
439,42,80,314,0,1,1,0.09567198177676538,0.18223234624145787,0.715261958997722
440,42,80,315,0,0,1,0.09545454545454546,0.18181818181818182,0.7159090909090909
441,42,80,316,0,0,1,0.09523809523809523,0.18140589569160998,0.7165532879818595
442,42,80,317,0,0,1,0.09502262443438914,0.18099547511312217,0.7171945701357466
443,42,80,318,0,0,1,0.09480812641083522,0.18058690744920994,0.7178329571106095
444,42,80,319,0,0,1,0.0945945945945946,0.18018018018018017,0.7184684684684685
445,42,80,319,0,0,0,0.09438202247191012,0.1797752808988764,0.7168539325842697
446,43,81,319,1,1,0,0.09641255605381166,0.18161434977578475,0.7152466367713004
447,43,82,319,0,1,0,0.09619686800894854,0.18344519015659955,0.7136465324384788
448,43,82,320,0,0,1,0.09598214285714286,0.18303571428571427,0.7142857142857143
449,43,83,321,0,1,1,0.0957683741648107,0.18485523385300667,0.7149220489977728
450,43,84,322,0,1,1,0.09555555555555556,0.18666666666666668,0.7155555555555555
451,43,85,323,0,1,1,0.09534368070953436,0.188470066518847,0.7161862527716186
452,43,85,324,0,0,1,0.09513274336283185,0.18805309734513273,0.7168141592920354
453,43,85,325,0,0,1,0.09492273730684327,0.18763796909492272,0.717439293598234
454,43,86,326,0,1,1,0.0947136563876652,0.1894273127753304,0.7180616740088106
455,44,86,326,1,0,0,0.0967032967032967,0.189010989010989,0.7164835164835165
456,44,86,327,0,0,1,0.09649122807017543,0.18859649122807018,0.7171052631578947
457,44,86,327,0,0,0,0.0962800875273523,0.18818380743982493,0.7155361050328227
458,44,86,328,0,0,1,0.09606986899563319,0.18777292576419213,0.7161572052401747
459,44,86,329,0,0,1,0.09586056644880174,0.18736383442265794,0.7167755991285403
460,45,86,330,1,0,1,0.09782608695652174,0.18695652173913044,0.717391304347826
461,45,86,331,0,0,1,0.09761388286334056,0.18655097613882862,0.7180043383947939
462,45,86,332,0,0,1,0.09740259740259741,0.18614718614718614,0.7186147186147186
463,45,86,332,0,0,0,0.09719222462203024,0.1857451403887689,0.7170626349892009
464,46,86,333,1,0,1,0.09913793103448276,0.1853448275862069,0.7176724137931034
465,46,86,334,0,0,1,0.0989247311827957,0.18494623655913978,0.7182795698924731
466,46,86,335,0,0,1,0.09871244635193133,0.18454935622317598,0.7188841201716738
467,46,86,335,0,0,0,0.09850107066381156,0.1841541755888651,0.7173447537473233
468,46,87,336,0,1,1,0.09829059829059829,0.1858974358974359,0.717948717948718
469,46,88,336,0,1,0,0.09808102345415778,0.18763326226012794,0.7164179104477612
470,46,88,337,0,0,1,0.09787234042553192,0.18723404255319148,0.7170212765957447
471,46,88,338,0,0,1,0.09766454352441614,0.18683651804670912,0.7176220806794055
472,47,89,339,1,1,1,0.09957627118644068,0.1885593220338983,0.7182203389830508
473,47,89,340,0,0,1,0.09936575052854123,0.18816067653276955,0.718816067653277
474,47,89,341,0,0,1,0.09915611814345991,0.1877637130801688,0.7194092827004219
475,47,89,341,0,0,0,0.09894736842105263,0.18736842105263157,0.7178947368421053
476,47,89,342,0,0,1,0.09873949579831932,0.1869747899159664,0.7184873949579832
477,48,89,343,1,0,1,0.10062893081761007,0.18658280922431866,0.7190775681341719
478,48,90,343,0,1,0,0.100418410041841,0.18828451882845187,0.7175732217573222
479,49,90,344,1,0,1,0.1022964509394572,0.18789144050104384,0.7181628392484343
480,49,90,345,0,0,1,0.10208333333333333,0.1875,0.71875
481,49,90,346,0,0,1,0.10187110187110188,0.18711018711018712,0.7193347193347194
482,50,90,347,1,0,1,0.1037344398340249,0.18672199170124482,0.7199170124481328
483,50,90,348,0,0,1,0.10351966873706005,0.18633540372670807,0.7204968944099379
484,51,90,348,1,0,0,0.10537190082644628,0.1859504132231405,0.71900826446281
485,51,90,349,0,0,1,0.10515463917525773,0.18556701030927836,0.7195876288659794
486,51,90,350,0,0,1,0.10493827160493827,0.18518518518518517,0.720164609053498
487,51,90,350,0,0,0,0.10472279260780287,0.18480492813141683,0.7186858316221766
488,51,90,351,0,0,1,0.10450819672131148,0.18442622950819673,0.7192622950819673
489,51,91,352,0,1,1,0.10429447852760736,0.18609406952965235,0.7198364008179959
490,51,91,352,0,0,0,0.10408163265306122,0.18571428571428572,0.7183673469387755
491,52,91,352,1,0,0,0.10590631364562118,0.18533604887983707,0.7169042769857433
492,52,92,352,0,1,0,0.10569105691056911,0.18699186991869918,0.7154471544715447
493,52,93,353,0,1,1,0.10547667342799188,0.18864097363083165,0.716024340770791
494,52,93,353,0,0,0,0.10526315789473684,0.1882591093117409,0.7145748987854251
495,52,93,354,0,0,1,0.10505050505050505,0.18787878787878787,0.7151515151515152
496,52,93,354,0,0,0,0.10483870967741936,0.1875,0.7137096774193549
497,52,94,355,0,1,1,0.10462776659959759,0.1891348088531187,0.7142857142857143
498,53,95,355,1,1,0,0.10642570281124498,0.19076305220883535,0.7128514056224899
499,54,96,356,1,1,1,0.10821643286573146,0.19238476953907815,0.7134268537074149
500,54,97,357,0,1,1,0.108,0.194,0.714
501,54,97,358,0,0,1,0.10778443113772455,0.1936127744510978,0.7145708582834331
502,54,97,359,0,0,1,0.10756972111553785,0.19322709163346613,0.7151394422310757
503,54,97,360,0,0,1,0.1073558648111332,0.19284294234592445,0.7157057654075547
504,54,97,360,0,0,0,0.10714285714285714,0.19246031746031747,0.7142857142857143
505,54,98,361,0,1,1,0.10693069306930693,0.19405940594059407,0.7148514851485148
506,54,99,362,0,1,1,0.1067193675889328,0.1956521739130435,0.7154150197628458
507,54,99,362,0,0,0,0.10650887573964497,0.1952662721893491,0.7140039447731755
508,54,99,362,0,0,0,0.1062992125984252,0.19488188976377951,0.7125984251968503
509,54,99,363,0,0,1,0.10609037328094302,0.1944990176817289,0.7131630648330058
510,54,99,364,0,0,1,0.10588235294117647,0.19411764705882353,0.7137254901960784
511,54,99,365,0,0,1,0.10567514677103718,0.19373776908023482,0.7142857142857143
512,54,99,365,0,0,0,0.10546875,0.193359375,0.712890625
513,54,99,366,0,0,1,0.10526315789473684,0.19298245614035087,0.7134502923976608
514,54,99,366,0,0,0,0.10505836575875487,0.1926070038910506,0.7120622568093385
515,54,99,366,0,0,0,0.10485436893203884,0.19223300970873786,0.7106796116504854
516,54,99,366,0,0,0,0.10465116279069768,0.19186046511627908,0.7093023255813954
517,54,99,366,0,0,0,0.10444874274661509,0.19148936170212766,0.7079303675048356
518,54,99,367,0,0,1,0.10424710424710425,0.19111969111969113,0.7084942084942085
519,54,99,368,0,0,1,0.10404624277456648,0.1907514450867052,0.7090558766859345
520,54,99,368,0,0,0,0.10384615384615385,0.19038461538461537,0.7076923076923077
521,54,99,368,0,0,0,0.1036468330134357,0.19001919385796545,0.7063339731285988
522,54,99,369,0,0,1,0.10344827586206896,0.1896551724137931,0.7068965517241379
523,55,100,370,1,1,1,0.10516252390057361,0.19120458891013384,0.7074569789674953
524,55,100,371,0,0,1,0.1049618320610687,0.19083969465648856,0.7080152671755725
525,56,100,372,1,0,1,0.10666666666666667,0.19047619047619047,0.7085714285714285
526,56,100,373,0,0,1,0.10646387832699619,0.19011406844106463,0.7091254752851711
527,56,100,374,0,0,1,0.1062618595825427,0.18975332068311196,0.7096774193548387
528,56,100,374,0,0,0,0.10606060606060606,0.1893939393939394,0.7083333333333334
529,56,100,375,0,0,1,0.10586011342155009,0.1890359168241966,0.7088846880907372
530,57,100,375,1,0,0,0.10754716981132076,0.18867924528301888,0.7075471698113207
531,57,100,376,0,0,1,0.10734463276836158,0.18832391713747645,0.7080979284369114
532,57,100,376,0,0,0,0.10714285714285714,0.18796992481203006,0.706766917293233
533,57,100,377,0,0,1,0.10694183864915573,0.18761726078799248,0.7073170731707317
534,58,100,378,1,0,1,0.10861423220973783,0.18726591760299627,0.7078651685393258
535,58,100,378,0,0,0,0.10841121495327102,0.18691588785046728,0.7065420560747664
536,58,100,379,0,0,1,0.10820895522388059,0.1865671641791045,0.707089552238806
537,58,100,379,0,0,0,0.10800744878957169,0.186219739292365,0.7057728119180633
538,59,100,380,1,0,1,0.10966542750929369,0.18587360594795538,0.7063197026022305
539,59,100,381,0,0,1,0.10946196660482375,0.18552875695732837,0.7068645640074211
540,59,100,381,0,0,0,0.10925925925925926,0.18518518518518517,0.7055555555555556
541,59,100,382,0,0,1,0.10905730129390019,0.18484288354898337,0.7060998151571165
542,60,100,383,1,0,1,0.11070110701107011,0.18450184501845018,0.7066420664206642
543,61,100,384,1,0,1,0.11233885819521179,0.1841620626151013,0.7071823204419889
544,61,100,385,0,0,1,0.11213235294117647,0.18382352941176472,0.7077205882352942
545,61,100,386,0,0,1,0.11192660550458716,0.1834862385321101,0.708256880733945
546,61,100,387,0,0,1,0.11172161172161173,0.18315018315018314,0.7087912087912088
547,61,100,388,0,0,1,0.11151736745886655,0.18281535648994515,0.7093235831809872
548,61,100,388,0,0,0,0.11131386861313869,0.18248175182481752,0.708029197080292
549,61,100,389,0,0,1,0.1111111111111111,0.18214936247723132,0.7085610200364298
550,61,101,390,0,1,1,0.11090909090909092,0.18363636363636363,0.7090909090909091
551,61,101,391,0,0,1,0.11070780399274047,0.18330308529945555,0.7096188747731398
552,61,101,391,0,0,0,0.1105072463768116,0.18297101449275363,0.7083333333333334
553,61,101,392,0,0,1,0.11030741410488246,0.18264014466546113,0.7088607594936709
554,61,102,392,0,1,0,0.11010830324909747,0.18411552346570398,0.7075812274368231
555,61,102,393,0,0,1,0.10990990990990991,0.1837837837837838,0.7081081081081081
556,61,103,394,0,1,1,0.10971223021582734,0.18525179856115107,0.7086330935251799
557,61,103,395,0,0,1,0.10951526032315978,0.18491921005385997,0.7091561938958707
558,62,104,396,1,1,1,0.1111111111111111,0.1863799283154122,0.7096774193548387
559,62,104,397,0,0,1,0.11091234347048301,0.18604651162790697,0.7101967799642218
560,62,104,398,0,0,1,0.11071428571428571,0.18571428571428572,0.7107142857142857
561,62,104,399,0,0,1,0.11051693404634581,0.18538324420677363,0.7112299465240641
562,62,104,399,0,0,0,0.1103202846975089,0.18505338078291814,0.7099644128113879
563,62,105,400,0,1,1,0.11012433392539965,0.18650088809946713,0.7104795737122558
564,62,105,401,0,0,1,0.1099290780141844,0.18617021276595744,0.7109929078014184
565,62,105,402,0,0,1,0.10973451327433628,0.18584070796460178,0.7115044247787611
566,62,106,403,0,1,1,0.10954063604240283,0.1872791519434629,0.7120141342756183
567,62,106,403,0,0,0,0.10934744268077601,0.18694885361552027,0.7107583774250441
568,62,106,404,0,0,1,0.10915492957746478,0.18661971830985916,0.7112676056338029
569,62,106,405,0,0,1,0.10896309314586995,0.18629173989455183,0.7117750439367311
570,63,106,405,1,0,0,0.11052631578947368,0.18596491228070175,0.7105263157894737
571,63,106,406,0,0,1,0.11033274956217162,0.18563922942206654,0.7110332749562172
572,63,107,406,0,1,0,0.11013986013986014,0.18706293706293706,0.7097902097902098
573,63,107,407,0,0,1,0.1099476439790576,0.18673647469458987,0.7102966841186736
574,63,107,408,0,0,1,0.10975609756097561,0.18641114982578397,0.710801393728223
575,63,107,408,0,0,0,0.10956521739130434,0.18608695652173912,0.7095652173913043
576,63,108,408,0,1,0,0.109375,0.1875,0.7083333333333334
577,63,108,409,0,0,1,0.10918544194107452,0.18717504332755633,0.708838821490468
578,64,108,410,1,0,1,0.11072664359861592,0.18685121107266436,0.7093425605536332
579,64,108,411,0,0,1,0.11053540587219343,0.18652849740932642,0.7098445595854922
580,64,108,412,0,0,1,0.1103448275862069,0.18620689655172415,0.7103448275862069
581,64,108,413,0,0,1,0.11015490533562823,0.18588640275387264,0.7108433734939759
582,64,109,414,0,1,1,0.10996563573883161,0.1872852233676976,0.711340206185567
583,64,109,415,0,0,1,0.1097770154373928,0.18696397941680962,0.7118353344768439
584,64,109,416,0,0,1,0.1095890410958904,0.18664383561643835,0.7123287671232876
585,64,109,417,0,0,1,0.1094017094017094,0.18632478632478633,0.7128205128205128
586,64,110,417,0,1,0,0.10921501706484642,0.18771331058020477,0.71160409556314
587,64,111,417,0,1,0,0.10902896081771721,0.1890971039182283,0.7103918228279387
588,64,112,418,0,1,1,0.10884353741496598,0.19047619047619047,0.7108843537414966
589,65,112,419,1,0,1,0.11035653650254669,0.19015280135823429,0.7113752122241087
590,65,112,420,0,0,1,0.11016949152542373,0.18983050847457628,0.711864406779661
591,65,113,420,0,1,0,0.10998307952622674,0.19120135363790186,0.7106598984771574
592,65,113,421,0,0,1,0.1097972972972973,0.19087837837837837,0.7111486486486487
593,65,113,422,0,0,1,0.10961214165261383,0.1905564924114671,0.7116357504215851
594,65,113,422,0,0,0,0.10942760942760943,0.19023569023569023,0.7104377104377104
595,65,113,423,0,0,1,0.1092436974789916,0.1899159663865546,0.7109243697478992
596,65,113,423,0,0,0,0.10906040268456375,0.18959731543624161,0.709731543624161
597,65,113,424,0,0,1,0.10887772194304858,0.18927973199329984,0.7102177554438861
598,65,114,425,0,1,1,0.10869565217391304,0.19063545150501673,0.7107023411371237
599,66,114,426,1,0,1,0.11018363939899833,0.19031719532554256,0.7111853088480802
600,66,114,426,0,0,0,0.11,0.19,0.71
601,66,114,426,0,0,0,0.10981697171381032,0.1896838602329451,0.7088186356073212
602,67,114,427,1,0,1,0.11129568106312292,0.1893687707641196,0.7093023255813954
603,67,114,427,0,0,0,0.1111111111111111,0.1890547263681592,0.7081260364842454
604,67,114,428,0,0,1,0.11092715231788079,0.18874172185430463,0.7086092715231788
605,67,114,429,0,0,1,0.11074380165289256,0.1884297520661157,0.7090909090909091
606,67,114,430,0,0,1,0.11056105610561057,0.18811881188118812,0.7095709570957096
607,67,115,431,0,1,1,0.11037891268533773,0.18945634266886327,0.7100494233937397
608,67,115,431,0,0,0,0.11019736842105263,0.18914473684210525,0.7088815789473685
609,67,115,432,0,0,1,0.11001642036124795,0.18883415435139572,0.7093596059113301
610,67,116,433,0,1,1,0.10983606557377049,0.1901639344262295,0.7098360655737705
611,67,116,434,0,0,1,0.10965630114566285,0.18985270049099837,0.7103109656301145
612,67,116,435,0,0,1,0.10947712418300654,0.1895424836601307,0.7107843137254902
613,68,116,436,1,0,1,0.11092985318107668,0.18923327895595432,0.7112561174551386
614,68,116,436,0,0,0,0.11074918566775244,0.18892508143322476,0.7100977198697068
615,68,116,436,0,0,0,0.11056910569105691,0.1886178861788618,0.7089430894308943
616,69,116,437,1,0,1,0.11201298701298701,0.18831168831168832,0.7094155844155844
617,69,116,437,0,0,0,0.11183144246353323,0.1880064829821718,0.7082658022690438
618,69,116,437,0,0,0,0.11165048543689321,0.18770226537216828,0.7071197411003236
619,69,116,438,0,0,1,0.11147011308562198,0.18739903069466882,0.7075928917609047
620,69,116,439,0,0,1,0.11129032258064517,0.1870967741935484,0.7080645161290322
621,69,117,440,0,1,1,0.1111111111111111,0.18840579710144928,0.7085346215780999
622,69,117,441,0,0,1,0.11093247588424437,0.18810289389067525,0.7090032154340836
623,69,118,442,0,1,1,0.11075441412520064,0.18940609951845908,0.709470304975923
624,69,119,443,0,1,1,0.11057692307692307,0.1907051282051282,0.7099358974358975
625,69,120,444,0,1,1,0.1104,0.192,0.7104
626,69,120,445,0,0,1,0.11022364217252396,0.19169329073482427,0.7108626198083067
627,69,120,446,0,0,1,0.11004784688995216,0.19138755980861244,0.7113237639553429
628,69,120,447,0,0,1,0.10987261146496816,0.1910828025477707,0.7117834394904459
629,69,121,448,0,1,1,0.10969793322734499,0.19236883942766295,0.712241653418124
630,70,121,449,1,0,1,0.1111111111111111,0.19206349206349208,0.7126984126984127
631,70,121,450,0,0,1,0.1109350237717908,0.19175911251980982,0.7131537242472267
632,70,122,451,0,1,1,0.11075949367088607,0.1930379746835443,0.7136075949367089
633,70,123,451,0,1,0,0.11058451816745656,0.1943127962085308,0.7124802527646129
634,71,123,452,1,0,1,0.11198738170347003,0.19400630914826497,0.7129337539432177
635,72,123,453,1,0,1,0.11338582677165354,0.19370078740157481,0.7133858267716535
636,72,123,454,0,0,1,0.11320754716981132,0.19339622641509435,0.7138364779874213
637,72,124,455,0,1,1,0.1130298273155416,0.1946624803767661,0.7142857142857143
638,72,124,456,0,0,1,0.11285266457680251,0.19435736677115986,0.7147335423197492
639,73,124,457,1,0,1,0.11424100156494522,0.19405320813771518,0.7151799687010955
640,73,124,458,0,0,1,0.1140625,0.19375,0.715625
641,73,124,458,0,0,0,0.11388455538221529,0.1934477379095164,0.7145085803432137
642,74,124,459,1,0,1,0.11526479750778816,0.19314641744548286,0.7149532710280374
643,74,124,459,0,0,0,0.1150855365474339,0.19284603421461896,0.713841368584759
644,74,124,460,0,0,1,0.11490683229813664,0.19254658385093168,0.7142857142857143
645,74,125,461,0,1,1,0.11472868217054263,0.1937984496124031,0.7147286821705426
646,74,125,462,0,0,1,0.11455108359133127,0.19349845201238391,0.7151702786377709
647,74,125,463,0,0,1,0.1143740340030912,0.19319938176197837,0.7156105100463679
648,74,125,464,0,0,1,0.11419753086419752,0.19290123456790123,0.7160493827160493
649,74,125,465,0,0,1,0.1140215716486903,0.1926040061633282,0.7164869029275809
650,74,125,466,0,0,1,0.11384615384615385,0.19230769230769232,0.7169230769230769
651,74,125,467,0,0,1,0.11367127496159754,0.19201228878648233,0.717357910906298
652,74,125,467,0,0,0,0.11349693251533742,0.19171779141104295,0.7162576687116564
653,74,125,467,0,0,0,0.11332312404287902,0.19142419601837674,0.7151607963246555
654,74,126,468,0,1,1,0.11314984709480122,0.1926605504587156,0.7155963302752294
655,74,126,468,0,0,0,0.11297709923664122,0.19236641221374046,0.7145038167938931
656,74,127,468,0,1,0,0.11280487804878049,0.19359756097560976,0.7134146341463414
657,74,127,469,0,0,1,0.1126331811263318,0.1933028919330289,0.7138508371385084
658,74,127,469,0,0,0,0.11246200607902736,0.19300911854103345,0.7127659574468085
659,74,127,470,0,0,1,0.11229135053110774,0.19271623672230653,0.7132018209408194
660,74,127,470,0,0,0,0.11212121212121212,0.19242424242424241,0.7121212121212122
661,74,128,471,0,1,1,0.11195158850226929,0.19364599092284418,0.7125567322239031
662,74,128,472,0,0,1,0.11178247734138973,0.1933534743202417,0.7129909365558912
663,74,129,473,0,1,1,0.11161387631975868,0.19457013574660634,0.7134238310708899
664,74,129,474,0,0,1,0.11144578313253012,0.19427710843373494,0.713855421686747
665,75,129,475,1,0,1,0.11278195488721804,0.19398496240601504,0.7142857142857143
666,75,130,476,0,1,1,0.11261261261261261,0.19519519519519518,0.7147147147147147
667,75,130,477,0,0,1,0.11244377811094453,0.19490254872563717,0.7151424287856072
668,75,130,478,0,0,1,0.1122754491017964,0.19461077844311378,0.7155688622754491
669,75,130,478,0,0,0,0.11210762331838565,0.19431988041853512,0.7144992526158446
670,75,131,479,0,1,1,0.11194029850746269,0.19552238805970149,0.7149253731343284
671,75,131,480,0,0,1,0.11177347242921014,0.19523099850968703,0.7153502235469449
672,75,131,481,0,0,1,0.11160714285714286,0.1949404761904762,0.7157738095238095
673,75,132,482,0,1,1,0.11144130757800892,0.1961367013372957,0.7161961367013373
674,75,132,482,0,0,0,0.11127596439169139,0.19584569732937684,0.7151335311572701
675,75,132,483,0,0,1,0.1111111111111111,0.19555555555555557,0.7155555555555555
676,75,132,483,0,0,0,0.11094674556213018,0.1952662721893491,0.7144970414201184
677,75,132,484,0,0,1,0.11078286558345643,0.19497784342688332,0.7149187592319055
678,75,132,484,0,0,0,0.11061946902654868,0.19469026548672566,0.7138643067846607
679,75,132,484,0,0,0,0.11045655375552282,0.19440353460972018,0.7128129602356407
680,75,133,485,0,1,1,0.11029411764705882,0.19558823529411765,0.7132352941176471
681,75,133,486,0,0,1,0.11013215859030837,0.19530102790014683,0.7136563876651982
682,75,133,487,0,0,1,0.10997067448680352,0.19501466275659823,0.7140762463343109
683,76,134,487,1,1,0,0.11127379209370425,0.19619326500732065,0.7130307467057101
684,77,134,487,1,0,0,0.11257309941520467,0.195906432748538,0.7119883040935673
685,77,134,488,0,0,1,0.11240875912408758,0.19562043795620437,0.7124087591240876
686,77,134,489,0,0,1,0.11224489795918367,0.19533527696793002,0.7128279883381924
687,78,134,489,1,0,0,0.11353711790393013,0.1950509461426492,0.7117903930131004
688,79,134,489,1,0,0,0.11482558139534883,0.19476744186046513,0.7107558139534884
689,80,134,490,1,0,1,0.11611030478955008,0.19448476052249636,0.7111756168359942
690,80,135,490,0,1,0,0.11594202898550725,0.1956521739130435,0.7101449275362319
691,80,136,491,0,1,1,0.11577424023154848,0.19681620839363242,0.7105643994211288
692,80,136,492,0,0,1,0.11560693641618497,0.19653179190751446,0.7109826589595376
693,80,136,492,0,0,0,0.11544011544011544,0.19624819624819625,0.70995670995671
694,80,137,492,0,1,0,0.11527377521613832,0.19740634005763688,0.7089337175792507
695,80,138,492,0,1,0,0.11510791366906475,0.1985611510791367,0.7079136690647482
696,80,138,493,0,0,1,0.11494252873563218,0.19827586206896552,0.7083333333333334
697,80,138,494,0,0,1,0.11477761836441894,0.19799139167862267,0.7087517934002869
698,80,138,495,0,0,1,0.11461318051575932,0.1977077363896848,0.7091690544412608
699,80,138,496,0,0,1,0.11444921316165951,0.19742489270386265,0.709585121602289
700,80,139,497,0,1,1,0.11428571428571428,0.19857142857142857,0.71
701,80,140,498,0,1,1,0.11412268188302425,0.19971469329529243,0.7104136947218259
702,80,140,498,0,0,0,0.11396011396011396,0.19943019943019943,0.7094017094017094
703,80,140,498,0,0,0,0.11379800853485064,0.19914651493598862,0.7083926031294452
704,80,140,499,0,0,1,0.11363636363636363,0.19886363636363635,0.7088068181818182
705,80,141,500,0,1,1,0.11347517730496454,0.2,0.7092198581560284
706,80,141,501,0,0,1,0.11331444759206799,0.19971671388101983,0.7096317280453258
707,80,141,502,0,0,1,0.11315417256011315,0.19943422913719944,0.71004243281471
708,80,141,503,0,0,1,0.11299435028248588,0.19915254237288135,0.71045197740113
709,80,141,504,0,0,1,0.11283497884344147,0.19887165021156558,0.7108603667136812
710,80,141,504,0,0,0,0.11267605633802817,0.19859154929577466,0.7098591549295775
711,80,141,504,0,0,0,0.11251758087201125,0.19831223628691982,0.7088607594936709
712,81,141,505,1,0,1,0.11376404494382023,0.19803370786516855,0.7092696629213483
713,81,141,506,0,0,1,0.11360448807854137,0.19775596072931276,0.7096774193548387
714,81,141,507,0,0,1,0.1134453781512605,0.19747899159663865,0.7100840336134454
715,81,141,508,0,0,1,0.11328671328671329,0.1972027972027972,0.7104895104895105
716,82,141,509,1,0,1,0.11452513966480447,0.19692737430167598,0.7108938547486033
717,82,141,510,0,0,1,0.11436541143654114,0.19665271966527198,0.7112970711297071
718,82,141,510,0,0,0,0.11420612813370473,0.19637883008356546,0.7103064066852368
719,82,141,511,0,0,1,0.11404728789986092,0.19610570236439498,0.7107093184979137
720,82,141,512,0,0,1,0.11388888888888889,0.19583333333333333,0.7111111111111111
721,82,141,513,0,0,1,0.11373092926490985,0.1955617198335645,0.7115117891816921
722,82,142,513,0,1,0,0.11357340720221606,0.19667590027700832,0.7105263157894737
723,82,143,513,0,1,0,0.11341632088520055,0.19778699861687413,0.7095435684647303
724,82,144,514,0,1,1,0.1132596685082873,0.19889502762430938,0.7099447513812155
725,82,144,514,0,0,0,0.11310344827586206,0.1986206896551724,0.7089655172413794
726,82,144,514,0,0,0,0.11294765840220386,0.19834710743801653,0.7079889807162535
727,82,145,515,0,1,1,0.11279229711141678,0.19944979367262725,0.7083906464924347
728,82,145,515,0,0,0,0.11263736263736264,0.19917582417582416,0.7074175824175825
729,82,145,516,0,0,1,0.11248285322359397,0.19890260631001372,0.7078189300411523
730,82,145,517,0,0,1,0.11232876712328767,0.19863013698630136,0.7082191780821918
731,82,145,517,0,0,0,0.1121751025991792,0.19835841313269495,0.707250341997264
732,82,145,518,0,0,1,0.11202185792349727,0.19808743169398907,0.7076502732240437
733,82,145,519,0,0,1,0.11186903137789904,0.19781718963165076,0.7080491132332879
734,82,145,520,0,0,1,0.11171662125340599,0.19754768392370572,0.7084468664850136
735,82,145,521,0,0,1,0.11156462585034013,0.19727891156462585,0.708843537414966
736,82,146,521,0,1,0,0.11141304347826086,0.1983695652173913,0.7078804347826086
737,82,146,522,0,0,1,0.1112618724559023,0.19810040705563092,0.7082767978290366
738,82,146,523,0,0,1,0.1111111111111111,0.1978319783197832,0.7086720867208672
739,82,146,524,0,0,1,0.11096075778078485,0.1975642760487145,0.7090663058186739
740,82,146,525,0,0,1,0.11081081081081082,0.1972972972972973,0.7094594594594594
741,82,146,526,0,0,1,0.1106612685560054,0.1970310391363023,0.7098515519568152
742,82,146,527,0,0,1,0.1105121293800539,0.1967654986522911,0.7102425876010782
743,82,146,528,0,0,1,0.11036339165545088,0.19650067294751009,0.7106325706594886
744,82,146,528,0,0,0,0.11021505376344086,0.19623655913978494,0.7096774193548387
745,82,147,529,0,1,1,0.11006711409395974,0.19731543624161074,0.7100671140939597
746,82,147,529,0,0,0,0.10991957104557641,0.1970509383378016,0.7091152815013405
747,82,147,530,0,0,1,0.10977242302543508,0.19678714859437751,0.7095046854082999
748,82,147,531,0,0,1,0.10962566844919786,0.196524064171123,0.7098930481283422
749,82,147,531,0,0,0,0.10947930574098798,0.19626168224299065,0.7089452603471295
750,83,147,532,1,0,1,0.11066666666666666,0.196,0.7093333333333334
751,83,147,533,0,0,1,0.11051930758988016,0.19573901464713714,0.7097203728362184
752,83,147,533,0,0,0,0.11037234042553191,0.19547872340425532,0.7087765957446809
753,83,147,534,0,0,1,0.1102257636122178,0.1952191235059761,0.7091633466135459
754,83,147,534,0,0,0,0.11007957559681697,0.19496021220159152,0.7082228116710876
755,83,148,534,0,1,0,0.10993377483443709,0.19602649006622516,0.7072847682119205
756,83,148,534,0,0,0,0.10978835978835978,0.19576719576719576,0.7063492063492064
757,83,148,535,0,0,1,0.1096433289299868,0.1955085865257596,0.7067371202113606
758,83,148,536,0,0,1,0.10949868073878628,0.19525065963060687,0.7071240105540897
759,83,148,537,0,0,1,0.10935441370223979,0.19499341238471674,0.7075098814229249
760,84,149,538,1,1,1,0.11052631578947368,0.19605263157894737,0.7078947368421052
761,84,149,539,0,0,1,0.11038107752956636,0.19579500657030224,0.7082785808147175
762,84,149,540,0,0,1,0.11023622047244094,0.19553805774278216,0.7086614173228346
763,84,150,540,0,1,0,0.11009174311926606,0.1965923984272608,0.7077326343381389
764,84,151,540,0,1,0,0.1099476439790576,0.19764397905759162,0.7068062827225131
765,84,151,540,0,0,0,0.10980392156862745,0.19738562091503267,0.7058823529411765
766,84,152,540,0,1,0,0.10966057441253264,0.19843342036553524,0.7049608355091384
767,84,152,540,0,0,0,0.10951760104302477,0.1981747066492829,0.7040417209908736
768,84,152,541,0,0,1,0.109375,0.19791666666666666,0.7044270833333334
769,85,152,542,1,0,1,0.11053315994798439,0.1976592977893368,0.7048114434330299
770,85,152,543,0,0,1,0.11038961038961038,0.1974025974025974,0.7051948051948052
771,85,152,544,0,0,1,0.11024643320363164,0.19714656290531776,0.7055771725032426
772,85,152,545,0,0,1,0.11010362694300518,0.19689119170984457,0.7059585492227979
773,86,152,546,1,0,1,0.111254851228978,0.19663648124191463,0.7063389391979301
774,87,152,547,1,0,1,0.1124031007751938,0.19638242894056848,0.7067183462532299
775,87,152,548,0,0,1,0.11225806451612903,0.19612903225806452,0.7070967741935484
776,87,153,548,0,1,0,0.11211340206185567,0.19716494845360824,0.7061855670103093
777,87,153,549,0,0,1,0.11196911196911197,0.1969111969111969,0.7065637065637066
778,87,153,549,0,0,0,0.11182519280205655,0.19665809768637532,0.705655526992288
779,87,153,550,0,0,1,0.1116816431322208,0.196405648267009,0.7060333761232349
780,87,153,550,0,0,0,0.11153846153846154,0.19615384615384615,0.7051282051282052
781,87,153,551,0,0,1,0.11139564660691421,0.19590268886043533,0.70550576184379
782,87,153,552,0,0,1,0.11125319693094629,0.1956521739130435,0.7058823529411765
783,87,153,553,0,0,1,0.1111111111111111,0.19540229885057472,0.7062579821200511
784,87,153,554,0,0,1,0.11096938775510204,0.1951530612244898,0.7066326530612245
785,87,153,555,0,0,1,0.11082802547770701,0.19490445859872613,0.7070063694267515
786,87,153,555,0,0,0,0.11068702290076336,0.1946564885496183,0.7061068702290076
787,87,153,556,0,0,1,0.11054637865311309,0.19440914866581957,0.7064803049555273
788,87,153,556,0,0,0,0.11040609137055837,0.19416243654822335,0.7055837563451777
789,87,153,556,0,0,0,0.11026615969581749,0.19391634980988592,0.7046894803548795
790,87,153,557,0,0,1,0.11012658227848102,0.19367088607594937,0.7050632911392405
791,87,153,558,0,0,1,0.10998735777496839,0.1934260429835651,0.7054361567635904
792,87,153,559,0,0,1,0.10984848484848485,0.19318181818181818,0.7058080808080808
793,87,153,559,0,0,0,0.10970996216897856,0.19293820933165196,0.7049180327868853
794,87,153,560,0,0,1,0.10957178841309824,0.19269521410579346,0.7052896725440806
795,88,153,561,1,0,1,0.11069182389937107,0.19245283018867926,0.7056603773584905
796,89,154,561,1,1,0,0.11180904522613065,0.1934673366834171,0.7047738693467337
797,89,154,562,0,0,1,0.11166875784190715,0.1932245922208281,0.7051442910915935
798,89,154,563,0,0,1,0.11152882205513784,0.19298245614035087,0.7055137844611529
799,89,154,564,0,0,1,0.1113892365456821,0.1927409261576971,0.7058823529411765
800,90,155,565,1,1,1,0.1125,0.19375,0.70625
801,90,156,566,0,1,1,0.11235955056179775,0.1947565543071161,0.7066167290886392
802,90,156,567,0,0,1,0.11221945137157108,0.19451371571072318,0.7069825436408977
803,90,156,568,0,0,1,0.11207970112079702,0.19427148194271482,0.7073474470734745
804,90,157,569,0,1,1,0.11194029850746269,0.19527363184079602,0.7077114427860697
805,90,158,570,0,1,1,0.11180124223602485,0.19627329192546583,0.7080745341614907
806,90,158,570,0,0,0,0.11166253101736973,0.19602977667493796,0.707196029776675
807,91,158,570,1,0,0,0.1127633209417596,0.19578686493184635,0.7063197026022305
808,92,158,571,1,0,1,0.11386138613861387,0.19554455445544555,0.7066831683168316
809,93,158,572,1,0,1,0.11495673671199011,0.19530284301606923,0.7070457354758962
810,93,158,573,0,0,1,0.11481481481481481,0.19506172839506172,0.7074074074074074
811,93,158,574,0,0,1,0.11467324290998766,0.19482120838471023,0.7077681874229347
812,93,158,575,0,0,1,0.1145320197044335,0.19458128078817735,0.708128078817734
813,93,158,576,0,0,1,0.11439114391143912,0.1943419434194342,0.7084870848708487
814,93,158,577,0,0,1,0.11425061425061425,0.1941031941031941,0.7088452088452089
815,93,158,577,0,0,0,0.11411042944785275,0.19386503067484662,0.7079754601226994
816,93,158,578,0,0,1,0.11397058823529412,0.19362745098039216,0.7083333333333334
817,93,158,579,0,0,1,0.11383108935128519,0.193390452876377,0.7086903304773562
818,93,159,580,0,1,1,0.1136919315403423,0.19437652811735942,0.7090464547677262
819,93,159,581,0,0,1,0.11355311355311355,0.19413919413919414,0.7094017094017094
820,93,159,581,0,0,0,0.11341463414634147,0.19390243902439025,0.7085365853658536
821,93,159,582,0,0,1,0.11327649208282582,0.19366626065773446,0.7088915956151035
822,93,159,583,0,0,1,0.11313868613138686,0.19343065693430658,0.7092457420924574
823,93,159,584,0,0,1,0.11300121506682867,0.19319562575941676,0.7095990279465371
824,93,159,585,0,0,1,0.11286407766990292,0.1929611650485437,0.7099514563106796
825,93,159,586,0,0,1,0.11272727272727273,0.19272727272727272,0.7103030303030303
826,93,159,586,0,0,0,0.11259079903147699,0.19249394673123488,0.7094430992736077
827,93,159,587,0,0,1,0.1124546553808948,0.19226118500604594,0.7097944377267231
828,93,159,587,0,0,0,0.11231884057971014,0.19202898550724637,0.7089371980676329
829,93,159,587,0,0,0,0.11218335343787696,0.19179734620024125,0.7080820265379976
830,94,159,588,1,0,1,0.11325301204819277,0.19156626506024096,0.708433734939759
831,94,159,589,0,0,1,0.11311672683513839,0.19133574007220217,0.7087845968712395
832,94,160,589,0,1,0,0.11298076923076923,0.19230769230769232,0.7079326923076923
833,94,160,589,0,0,0,0.11284513805522209,0.19207683073229292,0.7070828331332533
834,94,160,590,0,0,1,0.11270983213429256,0.19184652278177458,0.7074340527577938
835,94,160,590,0,0,0,0.1125748502994012,0.19161676646706588,0.7065868263473054
836,94,160,590,0,0,0,0.11244019138755981,0.19138755980861244,0.7057416267942583
837,94,160,590,0,0,0,0.11230585424133811,0.1911589008363202,0.7048984468339307
838,95,160,591,1,0,1,0.11336515513126491,0.1909307875894988,0.7052505966587113
839,95,160,591,0,0,0,0.11323003575685339,0.1907032181168057,0.7044100119189511
840,95,160,592,0,0,1,0.1130952380952381,0.19047619047619047,0.7047619047619048
841,95,161,593,0,1,1,0.11296076099881094,0.19143876337693222,0.7051129607609988
842,95,162,594,0,1,1,0.11282660332541568,0.19239904988123516,0.7054631828978623
843,95,162,595,0,0,1,0.11269276393831554,0.19217081850533807,0.7058125741399762
844,95,162,596,0,0,1,0.11255924170616113,0.19194312796208532,0.7061611374407583
845,95,162,597,0,0,1,0.11242603550295859,0.19171597633136095,0.7065088757396449
846,95,162,597,0,0,0,0.11229314420803782,0.19148936170212766,0.7056737588652482
847,95,162,598,0,0,1,0.11216056670602124,0.1912632821723731,0.706021251475797
848,95,162,599,0,0,1,0.11202830188679246,0.19103773584905662,0.7063679245283019
849,96,163,600,1,1,1,0.11307420494699646,0.19199057714958775,0.7067137809187279
850,96,164,600,0,1,0,0.11294117647058824,0.19294117647058823,0.7058823529411765
851,96,164,601,0,0,1,0.1128084606345476,0.1927144535840188,0.7062279670975323
852,97,164,601,1,0,0,0.11384976525821597,0.19248826291079812,0.7053990610328639
853,97,164,602,0,0,1,0.11371629542790153,0.19226260257913247,0.7057444314185228
854,98,165,603,1,1,1,0.11475409836065574,0.19320843091334894,0.7060889929742389
855,98,165,603,0,0,0,0.11461988304093568,0.19298245614035087,0.7052631578947368
856,98,166,603,0,1,0,0.11448598130841121,0.1939252336448598,0.7044392523364486
857,99,167,603,1,1,0,0.11551925320886815,0.19486581096849476,0.7036172695449242
858,100,167,603,1,0,0,0.11655011655011654,0.19463869463869463,0.7027972027972028
859,100,167,603,0,0,0,0.11641443538998836,0.19441210710128057,0.7019790454016298
860,100,167,604,0,0,1,0.11627906976744186,0.1941860465116279,0.7023255813953488
861,100,167,605,0,0,1,0.11614401858304298,0.19396051103368175,0.70267131242741
862,100,167,606,0,0,1,0.11600928074245939,0.1937354988399072,0.703016241299304
863,100,167,607,0,0,1,0.11587485515643106,0.19351100811123986,0.7033603707995365
864,100,167,607,0,0,0,0.11574074074074074,0.19328703703703703,0.7025462962962963
865,100,167,608,0,0,1,0.11560693641618497,0.1930635838150289,0.7028901734104046
866,100,167,609,0,0,1,0.11547344110854503,0.1928406466512702,0.7032332563510393
867,100,167,610,0,0,1,0.11534025374855825,0.19261822376009227,0.7035755478662054
868,100,168,610,0,1,0,0.1152073732718894,0.1935483870967742,0.7027649769585254
869,100,168,611,0,0,1,0.11507479861910241,0.19332566168009205,0.7031070195627158
870,100,168,612,0,0,1,0.11494252873563218,0.19310344827586207,0.7034482758620689
871,100,168,613,0,0,1,0.1148105625717566,0.1928817451205511,0.703788748564868
872,100,168,613,0,0,0,0.11467889908256881,0.1926605504587156,0.7029816513761468
873,101,168,614,1,0,1,0.1156930126002291,0.19243986254295534,0.7033218785796106
874,101,169,615,0,1,1,0.11556064073226545,0.19336384439359267,0.7036613272311213
875,101,169,615,0,0,0,0.11542857142857142,0.19314285714285714,0.7028571428571428
876,101,169,615,0,0,0,0.11529680365296803,0.19292237442922375,0.702054794520548
877,101,169,616,0,0,1,0.11516533637400228,0.19270239452679588,0.7023945267958951
878,101,169,617,0,0,1,0.11503416856492027,0.19248291571753987,0.7027334851936219
879,101,170,617,0,1,0,0.1149032992036405,0.19340159271899887,0.70193401592719
880,102,170,617,1,0,0,0.1159090909090909,0.19318181818181818,0.7011363636363637
881,102,170,618,0,0,1,0.11577752553916004,0.19296254256526674,0.7014755959137344
882,102,170,619,0,0,1,0.11564625850340136,0.1927437641723356,0.7018140589569161
883,102,171,620,0,1,1,0.11551528878822197,0.19365798414496035,0.7021517553793885
884,102,171,620,0,0,0,0.11538461538461539,0.19343891402714933,0.7013574660633484
885,102,171,621,0,0,1,0.1152542372881356,0.19322033898305085,0.7016949152542373
886,102,171,622,0,0,1,0.11512415349887133,0.1930022573363431,0.7020316027088036
887,102,171,623,0,0,1,0.11499436302142052,0.1927846674182638,0.7023675310033822
888,102,171,624,0,0,1,0.11486486486486487,0.19256756756756757,0.7027027027027027
889,102,171,624,0,0,0,0.11473565804274466,0.1923509561304837,0.7019122609673791
890,102,171,625,0,0,1,0.1146067415730337,0.19213483146067414,0.702247191011236
891,102,171,626,0,0,1,0.11447811447811448,0.1919191919191919,0.7025813692480359
892,102,171,627,0,0,1,0.11434977578475336,0.19170403587443946,0.702914798206278
893,102,171,628,0,0,1,0.11422172452407615,0.19148936170212766,0.7032474804031354
894,102,171,629,0,0,1,0.11409395973154363,0.1912751677852349,0.703579418344519
895,102,172,629,0,1,0,0.11396648044692738,0.19217877094972066,0.7027932960893855
896,102,172,630,0,0,1,0.11383928571428571,0.19196428571428573,0.703125
897,102,172,631,0,0,1,0.11371237458193979,0.19175027870680045,0.7034559643255296
898,102,173,632,0,1,1,0.11358574610244988,0.19265033407572382,0.7037861915367484
899,102,173,632,0,0,0,0.11345939933259176,0.19243604004449388,0.7030033370411568
900,102,173,633,0,0,1,0.11333333333333333,0.1922222222222222,0.7033333333333334
901,102,173,633,0,0,0,0.11320754716981132,0.19200887902330743,0.7025527192008879
902,102,173,633,0,0,0,0.1130820399113082,0.1917960088691796,0.7017738359201774
903,102,173,633,0,0,0,0.11295681063122924,0.19158361018826134,0.7009966777408638
904,102,173,634,0,0,1,0.11283185840707964,0.1913716814159292,0.7013274336283186
905,102,173,635,0,0,1,0.112707182320442,0.19116022099447513,0.7016574585635359
906,103,173,636,1,0,1,0.11368653421633554,0.19094922737306844,0.7019867549668874
907,103,173,637,0,0,1,0.11356119073869901,0.19073869900771775,0.7023153252480706
908,103,173,638,0,0,1,0.11343612334801761,0.1905286343612335,0.7026431718061674
909,103,174,639,0,1,1,0.11331133113311331,0.19141914191419143,0.7029702970297029
910,103,174,640,0,0,1,0.11318681318681319,0.1912087912087912,0.7032967032967034
911,103,174,641,0,0,1,0.11306256860592755,0.19099890230515917,0.703622392974753
912,103,174,642,0,0,1,0.11293859649122807,0.19078947368421054,0.7039473684210527
913,104,174,642,1,0,0,0.11391018619934283,0.19058050383351588,0.7031763417305587
914,105,174,642,1,0,0,0.11487964989059081,0.19037199124726478,0.7024070021881839
915,106,174,642,1,0,0,0.11584699453551912,0.1901639344262295,0.7016393442622951
916,106,174,642,0,0,0,0.11572052401746726,0.18995633187772926,0.7008733624454149
917,106,174,643,0,0,1,0.11559432933478735,0.18974918211559433,0.7011995637949836
918,106,175,643,0,1,0,0.11546840958605664,0.1906318082788671,0.7004357298474946
919,107,175,644,1,0,1,0.11643090315560392,0.19042437431991294,0.7007616974972797
920,107,175,644,0,0,0,0.11630434782608695,0.19021739130434784,0.7
921,108,175,645,1,0,1,0.11726384364820847,0.19001085776330076,0.7003257328990228
922,108,176,646,0,1,1,0.11713665943600868,0.19088937093275488,0.7006507592190889
923,108,177,647,0,1,1,0.11700975081256772,0.19176598049837487,0.7009750812567714
924,108,177,648,0,0,1,0.11688311688311688,0.19155844155844157,0.7012987012987013
925,108,178,649,0,1,1,0.11675675675675676,0.19243243243243244,0.7016216216216217
926,108,178,650,0,0,1,0.11663066954643629,0.19222462203023757,0.7019438444924406
927,108,179,651,0,1,1,0.11650485436893204,0.1930960086299892,0.7022653721682848
928,108,180,652,0,1,1,0.11637931034482758,0.1939655172413793,0.7025862068965517
929,108,181,653,0,1,1,0.116254036598493,0.19483315392895587,0.7029063509149623
930,108,181,654,0,0,1,0.11612903225806452,0.19462365591397848,0.7032258064516129
931,108,182,654,0,1,0,0.11600429645542427,0.19548872180451127,0.7024704618689581
932,108,182,655,0,0,1,0.11587982832618025,0.19527896995708155,0.7027896995708155
933,108,182,655,0,0,0,0.1157556270096463,0.19506966773847803,0.7020364415862809
934,108,182,656,0,0,1,0.11563169164882227,0.1948608137044968,0.702355460385439
935,108,182,657,0,0,1,0.11550802139037433,0.1946524064171123,0.7026737967914438
936,108,183,658,0,1,1,0.11538461538461539,0.1955128205128205,0.7029914529914529
937,108,183,659,0,0,1,0.1152614727854856,0.19530416221985059,0.7033084311632871
938,109,183,660,1,0,1,0.1162046908315565,0.19509594882729211,0.7036247334754797
939,109,183,661,0,0,1,0.11608093716719915,0.19488817891373802,0.7039403620873269
940,109,184,662,0,1,1,0.11595744680851064,0.19574468085106383,0.7042553191489361
941,109,184,663,0,0,1,0.11583421891604676,0.19553666312433582,0.7045696068012752
942,110,184,663,1,0,0,0.11677282377919321,0.19532908704883228,0.7038216560509554
943,110,185,664,0,1,1,0.11664899257688228,0.19618239660657477,0.704135737009544
944,110,185,665,0,0,1,0.11652542372881355,0.19597457627118645,0.7044491525423728
945,110,185,666,0,0,1,0.1164021164021164,0.19576719576719576,0.7047619047619048
946,110,185,667,0,0,1,0.11627906976744186,0.19556025369978858,0.7050739957716702
947,110,185,668,0,0,1,0.11615628299894404,0.19535374868004224,0.7053854276663146
948,110,185,669,0,0,1,0.1160337552742616,0.19514767932489452,0.7056962025316456
949,110,185,670,0,0,1,0.11591148577449947,0.19494204425711276,0.7060063224446786
950,110,185,671,0,0,1,0.11578947368421053,0.19473684210526315,0.7063157894736842
951,110,185,671,0,0,0,0.1156677181913775,0.19453207150368035,0.7055730809674028
952,110,185,672,0,0,1,0.11554621848739496,0.19432773109243698,0.7058823529411765
953,110,185,673,0,0,1,0.11542497376705142,0.19412381951731375,0.7061909758656874
954,110,185,674,0,0,1,0.11530398322851153,0.19392033542976939,0.7064989517819706
955,110,185,675,0,0,1,0.11518324607329843,0.193717277486911,0.7068062827225131
956,110,185,676,0,0,1,0.11506276150627615,0.19351464435146443,0.7071129707112971
957,110,185,676,0,0,0,0.11494252873563218,0.19331243469174503,0.7063740856844305
958,110,185,677,0,0,1,0.11482254697286012,0.1931106471816284,0.7066805845511482
959,110,185,677,0,0,0,0.11470281543274244,0.19290928050052136,0.7059436913451512
960,111,185,678,1,0,1,0.115625,0.19270833333333334,0.70625
961,111,185,679,0,0,1,0.11550468262226847,0.19250780437044746,0.7065556711758585
962,111,185,679,0,0,0,0.11538461538461539,0.19230769230769232,0.7058212058212058
963,111,186,680,0,1,1,0.11526479750778816,0.19314641744548286,0.7061266874350987
964,111,187,680,0,1,0,0.11514522821576763,0.19398340248962656,0.7053941908713693
965,111,187,681,0,0,1,0.11502590673575129,0.19378238341968912,0.705699481865285
966,112,187,682,1,0,1,0.11594202898550725,0.19358178053830227,0.7060041407867494
967,112,187,683,0,0,1,0.11582213029989659,0.19338159255429163,0.7063081695966908
968,113,187,684,1,0,1,0.11673553719008264,0.19318181818181818,0.7066115702479339
969,113,187,684,0,0,0,0.11661506707946337,0.19298245614035087,0.7058823529411765
970,113,187,685,0,0,1,0.11649484536082474,0.19278350515463918,0.7061855670103093
971,113,187,686,0,0,1,0.11637487126673532,0.19258496395468588,0.7064881565396498
972,113,187,687,0,0,1,0.11625514403292181,0.19238683127572018,0.7067901234567902
973,113,187,688,0,0,1,0.11613566289825282,0.19218910585817062,0.7070914696813977
974,113,187,689,0,0,1,0.11601642710472279,0.1919917864476386,0.7073921971252567
975,114,188,690,1,1,1,0.11692307692307692,0.19282051282051282,0.7076923076923077
976,114,188,690,0,0,0,0.1168032786885246,0.19262295081967212,0.7069672131147541
977,115,188,690,1,0,0,0.11770726714431934,0.19242579324462641,0.706243602865916
978,115,188,691,0,0,1,0.11758691206543967,0.19222903885480572,0.7065439672801636
979,115,188,692,0,0,1,0.11746680286006128,0.1920326864147089,0.7068437180796732
980,115,188,692,0,0,0,0.11734693877551021,0.19183673469387755,0.7061224489795919
981,115,189,692,0,1,0,0.11722731906218145,0.1926605504587156,0.7054026503567788
982,115,189,692,0,0,0,0.11710794297352342,0.1924643584521385,0.7046843177189409
983,115,189,692,0,0,0,0.11698880976602238,0.19226856561546288,0.7039674465920651
984,115,189,693,0,0,1,0.11686991869918699,0.19207317073170732,0.7042682926829268
985,115,189,693,0,0,0,0.116751269035533,0.1918781725888325,0.7035532994923858
986,116,190,693,1,1,0,0.11764705882352941,0.1926977687626775,0.7028397565922921
987,116,190,694,0,0,1,0.11752786220871327,0.19250253292806485,0.7031408308004052
988,116,191,695,0,1,1,0.11740890688259109,0.19331983805668015,0.7034412955465587
989,116,191,696,0,0,1,0.1172901921132457,0.19312436804853386,0.7037411526794742
990,116,191,696,0,0,0,0.11717171717171718,0.19292929292929292,0.703030303030303
991,116,191,697,0,0,1,0.1170534813319879,0.1927346115035318,0.7033299697275479
992,116,191,698,0,0,1,0.11693548387096774,0.19254032258064516,0.7036290322580645
993,116,191,699,0,0,1,0.11681772406847936,0.19234642497482377,0.7039274924471299
994,116,191,700,0,0,1,0.11670020120724346,0.1921529175050302,0.704225352112676
995,117,191,701,1,0,1,0.11758793969849246,0.19195979899497487,0.7045226130653266
996,117,191,701,0,0,0,0.11746987951807229,0.19176706827309237,0.7038152610441767
997,118,191,702,1,0,1,0.11835506519558676,0.19157472417251756,0.7041123370110332
998,118,191,703,0,0,1,0.11823647294589178,0.19138276553106212,0.7044088176352705
999,118,191,704,0,0,1,0.11811811811811812,0.19119119119119118,0.7047047047047047
1000,118,191,705,0,0,1,0.118,0.191,0.705