1,0,0,1,0,0,1,0,0,1
2,0,0,1,0,0,0,0,0,0.5
3,0,0,2,0,0,1,0,0,0.6666666666666666
4,0,0,2,0,0,0,0,0,0.5
5,0,1,3,0,1,1,0,0.2,0.6
6,1,1,4,1,0,1,0.16666666666666666,0.16666666666666666,0.6666666666666666
7,1,1,4,0,0,0,0.14285714285714285,0.14285714285714285,0.5714285714285714
8,1,1,5,0,0,1,0.125,0.125,0.625
9,1,1,6,0,0,1,0.1111111111111111,0.1111111111111111,0.6666666666666666
10,2,1,6,1,0,0,0.2,0.1,0.6
11,2,2,6,0,1,0,0.18181818181818182,0.18181818181818182,0.5454545454545454
12,2,2,6,0,0,0,0.16666666666666666,0.16666666666666666,0.5
13,2,2,7,0,0,1,0.15384615384615385,0.15384615384615385,0.5384615384615384
14,3,2,8,1,0,1,0.21428571428571427,0.14285714285714285,0.5714285714285714
15,3,2,9,0,0,1,0.2,0.13333333333333333,0.6
16,3,2,9,0,0,0,0.1875,0.125,0.5625
17,3,2,10,0,0,1,0.17647058823529413,0.11764705882352941,0.5882352941176471
18,3,2,10,0,0,0,0.16666666666666666,0.1111111111111111,0.5555555555555556
19,3,2,11,0,0,1,0.15789473684210525,0.10526315789473684,0.5789473684210527
20,3,3,11,0,1,0,0.15,0.15,0.55
21,3,3,12,0,0,1,0.14285714285714285,0.14285714285714285,0.5714285714285714
22,3,4,13,0,1,1,0.13636363636363635,0.18181818181818182,0.5909090909090909
23,3,4,14,0,0,1,0.13043478260869565,0.17391304347826086,0.6086956521739131
24,3,4,15,0,0,1,0.125,0.16666666666666666,0.625
25,3,4,16,0,0,1,0.12,0.16,0.64
26,3,4,17,0,0,1,0.11538461538461539,0.15384615384615385,0.6538461538461539
27,3,4,18,0,0,1,0.1111111111111111,0.14814814814814814,0.6666666666666666
28,4,4,18,1,0,0,0.14285714285714285,0.14285714285714285,0.6428571428571429
29,4,4,18,0,0,0,0.13793103448275862,0.13793103448275862,0.6206896551724138
30,4,4,19,0,0,1,0.13333333333333333,0.13333333333333333,0.6333333333333333
31,4,4,20,0,0,1,0.12903225806451613,0.12903225806451613,0.6451612903225806
32,4,4,21,0,0,1,0.125,0.125,0.65625
33,4,5,22,0,1,1,0.12121212121212122,0.15151515151515152,0.6666666666666666
34,4,5,22,0,0,0,0.11764705882352941,0.14705882352941177,0.6470588235294118
35,4,5,22,0,0,0,0.11428571428571428,0.14285714285714285,0.6285714285714286
36,4,5,23,0,0,1,0.1111111111111111,0.1388888888888889,0.6388888888888888
37,4,5,23,0,0,0,0.10810810810810811,0.13513513513513514,0.6216216216216216
38,4,6,24,0,1,1,0.10526315789473684,0.15789473684210525,0.631578947368421
39,4,6,25,0,0,1,0.10256410256410256,0.15384615384615385,0.6410256410256411
40,4,7,26,0,1,1,0.1,0.175,0.65
41,4,7,26,0,0,0,0.0975609756097561,0.17073170731707318,0.6341463414634146
42,4,7,27,0,0,1,0.09523809523809523,0.16666666666666666,0.6428571428571429
43,4,7,28,0,0,1,0.09302325581395349,0.16279069767441862,0.6511627906976745
44,4,7,29,0,0,1,0.09090909090909091,0.1590909090909091,0.6590909090909091
45,5,7,30,1,0,1,0.1111111111111111,0.15555555555555556,0.6666666666666666
46,5,8,31,0,1,1,0.10869565217391304,0.17391304347826086,0.6739130434782609
47,5,9,32,0,1,1,0.10638297872340426,0.19148936170212766,0.6808510638297872
48,5,10,33,0,1,1,0.10416666666666667,0.20833333333333334,0.6875
49,5,10,34,0,0,1,0.10204081632653061,0.20408163265306123,0.6938775510204082
50,5,11,35,0,1,1,0.1,0.22,0.7
51,5,12,36,0,1,1,0.09803921568627451,0.23529411764705882,0.7058823529411765
52,5,12,37,0,0,1,0.09615384615384616,0.23076923076923078,0.7115384615384616
53,5,12,37,0,0,0,0.09433962264150944,0.22641509433962265,0.6981132075471698
54,5,12,38,0,0,1,0.09259259259259259,0.2222222222222222,0.7037037037037037
55,5,12,39,0,0,1,0.09090909090909091,0.21818181818181817,0.7090909090909091
56,6,12,39,1,0,0,0.10714285714285714,0.21428571428571427,0.6964285714285714
57,6,12,39,0,0,0,0.10526315789473684,0.21052631578947367,0.6842105263157895
58,6,12,39,0,0,0,0.10344827586206896,0.20689655172413793,0.6724137931034483
59,7,12,40,1,0,1,0.11864406779661017,0.2033898305084746,0.6779661016949152
60,7,12,40,0,0,0,0.11666666666666667,0.2,0.6666666666666666
61,7,12,41,0,0,1,0.11475409836065574,0.19672131147540983,0.6721311475409836
62,7,12,42,0,0,1,0.11290322580645161,0.1935483870967742,0.6774193548387096
63,7,12,43,0,0,1,0.1111111111111111,0.19047619047619047,0.6825396825396826
64,7,13,43,0,1,0,0.109375,0.203125,0.671875
65,7,14,44,0,1,1,0.1076923076923077,0.2153846153846154,0.676923076923077
66,7,14,45,0,0,1,0.10606060606060606,0.21212121212121213,0.6818181818181818
67,7,15,46,0,1,1,0.1044776119402985,0.22388059701492538,0.6865671641791045
68,7,15,47,0,0,1,0.10294117647058823,0.22058823529411764,0.6911764705882353
69,7,16,48,0,1,1,0.10144927536231885,0.2318840579710145,0.6956521739130435
70,7,16,49,0,0,1,0.1,0.22857142857142856,0.7
71,7,16,50,0,0,1,0.09859154929577464,0.22535211267605634,0.704225352112676
72,7,16,51,0,0,1,0.09722222222222222,0.2222222222222222,0.7083333333333334
73,7,16,52,0,0,1,0.0958904109589041,0.2191780821917808,0.7123287671232876
74,7,16,53,0,0,1,0.0945945945945946,0.21621621621621623,0.7162162162162162
75,7,16,53,0,0,0,0.09333333333333334,0.21333333333333335,0.7066666666666667
76,7,16,54,0,0,1,0.09210526315789473,0.21052631578947367,0.7105263157894737
77,7,16,55,0,0,1,0.09090909090909091,0.2077922077922078,0.7142857142857143
78,7,16,56,0,0,1,0.08974358974358974,0.20512820512820512,0.717948717948718
79,7,16,56,0,0,0,0.08860759493670886,0.20253164556962025,0.7088607594936709
80,7,16,56,0,0,0,0.0875,0.2,0.7
81,7,16,56,0,0,0,0.08641975308641975,0.19753086419753085,0.691358024691358
82,7,16,57,0,0,1,0.08536585365853659,0.1951219512195122,0.6951219512195121
83,7,17,58,0,1,1,0.08433734939759036,0.20481927710843373,0.6987951807228916
84,7,17,59,0,0,1,0.08333333333333333,0.20238095238095238,0.7023809523809523
85,8,18,59,1,1,0,0.09411764705882353,0.21176470588235294,0.6941176470588235
86,8,18,60,0,0,1,0.09302325581395349,0.20930232558139536,0.6976744186046512
87,8,18,61,0,0,1,0.09195402298850575,0.20689655172413793,0.7011494252873564
88,8,18,62,0,0,1,0.09090909090909091,0.20454545454545456,0.7045454545454546
89,8,18,63,0,0,1,0.0898876404494382,0.20224719101123595,0.7078651685393258
90,8,18,64,0,0,1,0.08888888888888889,0.2,0.7111111111111111
91,8,19,65,0,1,1,0.08791208791208792,0.2087912087912088,0.7142857142857143
92,8,19,65,0,0,0,0.08695652173913043,0.20652173913043478,0.7065217391304348
93,8,20,65,0,1,0,0.08602150537634409,0.21505376344086022,0.6989247311827957
94,9,20,66,1,0,1,0.09574468085106383,0.2127659574468085,0.7021276595744681
95,9,20,66,0,0,0,0.09473684210526316,0.21052631578947367,0.6947368421052632
96,10,20,67,1,0,1,0.10416666666666667,0.20833333333333334,0.6979166666666666
97,10,20,68,0,0,1,0.10309278350515463,0.20618556701030927,0.7010309278350515
98,10,20,69,0,0,1,0.10204081632653061,0.20408163265306123,0.7040816326530612
99,10,20,70,0,0,1,0.10101010101010101,0.20202020202020202,0.7070707070707071
100,10,20,71,0,0,1,0.1,0.2,0.71
101,10,20,72,0,0,1,0.09900990099009901,0.19801980198019803,0.7128712871287128
102,10,20,73,0,0,1,0.09803921568627451,0.19607843137254902,0.7156862745098039
103,11,21,74,1,1,1,0.10679611650485436,0.20388349514563106,0.7184466019417476
104,11,22,75,0,1,1,0.10576923076923077,0.21153846153846154,0.7211538461538461
105,11,23,76,0,1,1,0.10476190476190476,0.21904761904761905,0.7238095238095238
106,11,23,77,0,0,1,0.10377358490566038,0.2169811320754717,0.7264150943396226
107,11,23,78,0,0,1,0.102803738317757,0.21495327102803738,0.7289719626168224
108,11,23,79,0,0,1,0.10185185185185185,0.21296296296296297,0.7314814814814815
109,11,23,80,0,0,1,0.10091743119266056,0.21100917431192662,0.7339449541284404
110,11,23,81,0,0,1,0.1,0.20909090909090908,0.7363636363636363
111,12,23,82,1,0,1,0.10810810810810811,0.2072072072072072,0.7387387387387387
112,12,23,83,0,0,1,0.10714285714285714,0.20535714285714285,0.7410714285714286
113,13,23,84,1,0,1,0.11504424778761062,0.20353982300884957,0.7433628318584071
114,13,23,85,0,0,1,0.11403508771929824,0.20175438596491227,0.7456140350877193
115,13,23,86,0,0,1,0.11304347826086956,0.2,0.7478260869565218
116,13,23,87,0,0,1,0.11206896551724138,0.19827586206896552,0.75
117,13,23,88,0,0,1,0.1111111111111111,0.19658119658119658,0.7521367521367521
118,13,23,88,0,0,0,0.11016949152542373,0.19491525423728814,0.7457627118644068
119,13,23,89,0,0,1,0.1092436974789916,0.19327731092436976,0.7478991596638656
120,13,23,90,0,0,1,0.10833333333333334,0.19166666666666668,0.75
121,13,23,91,0,0,1,0.10743801652892562,0.19008264462809918,0.7520661157024794
122,13,23,92,0,0,1,0.10655737704918032,0.1885245901639344,0.7540983606557377
123,13,23,93,0,0,1,0.10569105691056911,0.18699186991869918,0.7560975609756098
124,13,23,94,0,0,1,0.10483870967741936,0.18548387096774194,0.7580645161290323
125,13,23,95,0,0,1,0.104,0.184,0.76
126,13,23,95,0,0,0,0.10317460317460317,0.18253968253968253,0.753968253968254
127,13,23,95,0,0,0,0.10236220472440945,0.18110236220472442,0.7480314960629921
128,13,23,95,0,0,0,0.1015625,0.1796875,0.7421875
129,13,24,96,0,1,1,0.10077519379844961,0.18604651162790697,0.7441860465116279
130,13,24,97,0,0,1,0.1,0.18461538461538463,0.7461538461538462
131,13,24,98,0,0,1,0.09923664122137404,0.183206106870229,0.7480916030534351
132,13,24,99,0,0,1,0.09848484848484848,0.18181818181818182,0.75
133,13,25,100,0,1,1,0.09774436090225563,0.18796992481203006,0.7518796992481203
134,13,25,101,0,0,1,0.09701492537313433,0.1865671641791045,0.753731343283582
135,13,25,102,0,0,1,0.0962962962962963,0.18518518518518517,0.7555555555555555
136,13,25,103,0,0,1,0.09558823529411764,0.18382352941176472,0.7573529411764706
137,13,25,104,0,0,1,0.0948905109489051,0.18248175182481752,0.7591240875912408
138,13,25,105,0,0,1,0.09420289855072464,0.18115942028985507,0.7608695652173914
139,13,26,106,0,1,1,0.09352517985611511,0.18705035971223022,0.762589928057554
140,13,26,107,0,0,1,0.09285714285714286,0.18571428571428572,0.7642857142857142
141,13,26,108,0,0,1,0.09219858156028368,0.18439716312056736,0.7659574468085106
142,13,27,109,0,1,1,0.09154929577464789,0.19014084507042253,0.7676056338028169
143,13,27,110,0,0,1,0.09090909090909091,0.1888111888111888,0.7692307692307693
144,13,28,110,0,1,0,0.09027777777777778,0.19444444444444445,0.7638888888888888
145,13,28,110,0,0,0,0.0896551724137931,0.19310344827586207,0.7586206896551724
146,13,28,111,0,0,1,0.08904109589041095,0.1917808219178082,0.7602739726027398
147,13,28,111,0,0,0,0.08843537414965986,0.19047619047619047,0.7551020408163265
148,13,28,112,0,0,1,0.08783783783783784,0.1891891891891892,0.7567567567567568
149,13,28,113,0,0,1,0.087248322147651,0.18791946308724833,0.7583892617449665
150,13,28,114,0,0,1,0.08666666666666667,0.18666666666666668,0.76
151,13,28,115,0,0,1,0.08609271523178808,0.18543046357615894,0.7615894039735099
152,13,28,115,0,0,0,0.08552631578947369,0.18421052631578946,0.756578947368421
153,13,28,116,0,0,1,0.08496732026143791,0.1830065359477124,0.7581699346405228
154,13,28,117,0,0,1,0.08441558441558442,0.18181818181818182,0.7597402597402597
155,14,28,118,1,0,1,0.09032258064516129,0.18064516129032257,0.7612903225806451
156,14,28,119,0,0,1,0.08974358974358974,0.1794871794871795,0.7628205128205128
157,14,29,119,0,1,0,0.08917197452229299,0.18471337579617833,0.7579617834394905
158,14,29,120,0,0,1,0.08860759493670886,0.18354430379746836,0.759493670886076
159,15,29,121,1,0,1,0.09433962264150944,0.18238993710691823,0.7610062893081762
160,15,29,122,0,0,1,0.09375,0.18125,0.7625
161,16,29,123,1,0,1,0.09937888198757763,0.18012422360248448,0.7639751552795031
162,16,29,124,0,0,1,0.09876543209876543,0.17901234567901234,0.7654320987654321
163,16,29,125,0,0,1,0.09815950920245399,0.17791411042944785,0.7668711656441718
164,16,29,126,0,0,1,0.0975609756097561,0.17682926829268292,0.7682926829268293
165,16,29,126,0,0,0,0.09696969696969697,0.17575757575757575,0.7636363636363637
166,16,30,127,0,1,1,0.0963855421686747,0.18072289156626506,0.7650602409638554
167,16,30,127,0,0,0,0.09580838323353294,0.17964071856287425,0.7604790419161677
168,16,30,128,0,0,1,0.09523809523809523,0.17857142857142858,0.7619047619047619
169,16,31,128,0,1,0,0.09467455621301775,0.1834319526627219,0.757396449704142
170,16,31,128,0,0,0,0.09411764705882353,0.18235294117647058,0.7529411764705882
171,16,31,129,0,0,1,0.0935672514619883,0.18128654970760233,0.7543859649122807
172,16,31,130,0,0,1,0.09302325581395349,0.18023255813953487,0.7558139534883721
173,16,31,131,0,0,1,0.09248554913294797,0.1791907514450867,0.7572254335260116
174,16,32,132,0,1,1,0.09195402298850575,0.1839080459770115,0.7586206896551724
175,16,32,133,0,0,1,0.09142857142857143,0.18285714285714286,0.76
176,17,33,134,1,1,1,0.09659090909090909,0.1875,0.7613636363636364
177,17,33,135,0,0,1,0.096045197740113,0.1864406779661017,0.7627118644067796
178,17,33,136,0,0,1,0.09550561797752809,0.1853932584269663,0.7640449438202247
179,17,33,136,0,0,0,0.09497206703910614,0.18435754189944134,0.7597765363128491
180,17,33,136,0,0,0,0.09444444444444444,0.18333333333333332,0.7555555555555555
181,17,33,137,0,0,1,0.09392265193370165,0.18232044198895028,0.7569060773480663
182,17,33,137,0,0,0,0.09340659340659341,0.1813186813186813,0.7527472527472527
183,17,33,138,0,0,1,0.09289617486338798,0.18032786885245902,0.7540983606557377
184,17,33,138,0,0,0,0.09239130434782608,0.1793478260869565,0.75
185,17,34,139,0,1,1,0.0918918918918919,0.1837837837837838,0.7513513513513513
186,17,34,140,0,0,1,0.0913978494623656,0.1827956989247312,0.7526881720430108
187,17,34,141,0,0,1,0.09090909090909091,0.18181818181818182,0.7540106951871658
188,17,34,142,0,0,1,0.09042553191489362,0.18085106382978725,0.7553191489361702
189,17,34,142,0,0,0,0.08994708994708994,0.17989417989417988,0.7513227513227513
190,17,34,143,0,0,1,0.08947368421052632,0.17894736842105263,0.7526315789473684
191,18,34,144,1,0,1,0.09424083769633508,0.17801047120418848,0.7539267015706806
192,18,34,144,0,0,0,0.09375,0.17708333333333334,0.75
193,18,34,144,0,0,0,0.09326424870466321,0.17616580310880828,0.7461139896373057
194,18,34,145,0,0,1,0.09278350515463918,0.17525773195876287,0.7474226804123711
195,18,34,146,0,0,1,0.09230769230769231,0.17435897435897435,0.7487179487179487
196,18,35,147,0,1,1,0.09183673469387756,0.17857142857142858,0.75
197,18,35,148,0,0,1,0.09137055837563451,0.17766497461928935,0.751269035532995
198,18,36,149,0,1,1,0.09090909090909091,0.18181818181818182,0.7525252525252525
199,19,36,150,1,0,1,0.09547738693467336,0.18090452261306533,0.7537688442211056
200,19,36,150,0,0,0,0.095,0.18,0.75
201,19,37,151,0,1,1,0.0945273631840796,0.18407960199004975,0.7512437810945274
202,19,37,151,0,0,0,0.09405940594059406,0.18316831683168316,0.7475247524752475
203,19,37,152,0,0,1,0.09359605911330049,0.18226600985221675,0.7487684729064039
204,19,37,152,0,0,0,0.09313725490196079,0.18137254901960784,0.7450980392156863
205,19,37,153,0,0,1,0.09268292682926829,0.18048780487804877,0.7463414634146341
206,19,37,154,0,0,1,0.09223300970873786,0.1796116504854369,0.7475728155339806
207,19,37,155,0,0,1,0.09178743961352658,0.178743961352657,0.748792270531401
208,20,37,156,1,0,1,0.09615384615384616,0.1778846153846154,0.75
209,20,37,156,0,0,0,0.09569377990430622,0.17703349282296652,0.7464114832535885
210,20,37,157,0,0,1,0.09523809523809523,0.1761904761904762,0.7476190476190476
211,20,38,157,0,1,0,0.0947867298578199,0.18009478672985782,0.7440758293838863
212,20,39,157,0,1,0,0.09433962264150944,0.18396226415094338,0.7405660377358491
213,20,39,158,0,0,1,0.09389671361502347,0.18309859154929578,0.7417840375586855
214,20,39,159,0,0,1,0.09345794392523364,0.1822429906542056,0.7429906542056075
215,20,39,159,0,0,0,0.09302325581395349,0.1813953488372093,0.7395348837209302
216,20,40,160,0,1,1,0.09259259259259259,0.18518518518518517,0.7407407407407407
217,20,40,161,0,0,1,0.09216589861751152,0.18433179723502305,0.7419354838709677
218,20,40,162,0,0,1,0.09174311926605505,0.1834862385321101,0.7431192660550459
219,20,40,163,0,0,1,0.091324200913242,0.182648401826484,0.7442922374429224
220,20,40,164,0,0,1,0.09090909090909091,0.18181818181818182,0.7454545454545455
221,20,40,165,0,0,1,0.09049773755656108,0.18099547511312217,0.746606334841629
222,20,41,166,0,1,1,0.09009009009009009,0.18468468468468469,0.7477477477477478
223,20,41,167,0,0,1,0.08968609865470852,0.18385650224215247,0.7488789237668162
224,20,42,168,0,1,1,0.08928571428571429,0.1875,0.75
225,20,42,169,0,0,1,0.08888888888888889,0.18666666666666668,0.7511111111111111
226,20,42,169,0,0,0,0.08849557522123894,0.18584070796460178,0.7477876106194691
227,20,43,169,0,1,0,0.0881057268722467,0.1894273127753304,0.7444933920704846
228,20,43,170,0,0,1,0.08771929824561403,0.18859649122807018,0.7456140350877193
229,20,43,171,0,0,1,0.08733624454148471,0.18777292576419213,0.7467248908296943
230,20,44,171,0,1,0,0.08695652173913043,0.19130434782608696,0.7434782608695653
231,20,45,172,0,1,1,0.08658008658008658,0.19480519480519481,0.7445887445887446
232,20,45,173,0,0,1,0.08620689655172414,0.1939655172413793,0.7456896551724138
233,20,45,174,0,0,1,0.08583690987124463,0.19313304721030042,0.7467811158798283
234,21,45,174,1,0,0,0.08974358974358974,0.19230769230769232,0.7435897435897436
235,22,45,174,1,0,0,0.09361702127659574,0.19148936170212766,0.7404255319148936
236,22,45,175,0,0,1,0.09322033898305085,0.1906779661016949,0.7415254237288136
237,22,45,176,0,0,1,0.09282700421940929,0.189873417721519,0.7426160337552743
238,23,45,176,1,0,0,0.09663865546218488,0.18907563025210083,0.7394957983193278
239,23,45,176,0,0,0,0.09623430962343096,0.18828451882845187,0.7364016736401674
240,23,45,176,0,0,0,0.09583333333333334,0.1875,0.7333333333333333
241,23,45,176,0,0,0,0.0954356846473029,0.18672199170124482,0.7302904564315352
242,23,45,177,0,0,1,0.09504132231404959,0.1859504132231405,0.731404958677686
243,23,46,178,0,1,1,0.09465020576131687,0.18930041152263374,0.7325102880658436
244,23,46,179,0,0,1,0.0942622950819672,0.1885245901639344,0.7336065573770492
245,24,46,180,1,0,1,0.09795918367346938,0.18775510204081633,0.7346938775510204
246,24,46,181,0,0,1,0.0975609756097561,0.18699186991869918,0.7357723577235772
247,24,47,181,0,1,0,0.09716599190283401,0.1902834008097166,0.7327935222672065
248,24,47,182,0,0,1,0.0967741935483871,0.18951612903225806,0.7338709677419355
249,24,47,183,0,0,1,0.0963855421686747,0.18875502008032127,0.7349397590361446
250,24,48,183,0,1,0,0.096,0.192,0.732
251,24,48,184,0,0,1,0.09561752988047809,0.19123505976095617,0.7330677290836654
252,24,48,184,0,0,0,0.09523809523809523,0.19047619047619047,0.7301587301587301
253,24,48,185,0,0,1,0.09486166007905138,0.18972332015810275,0.7312252964426877
254,24,48,185,0,0,0,0.09448818897637795,0.1889763779527559,0.7283464566929134
255,24,48,186,0,0,1,0.09411764705882353,0.18823529411764706,0.7294117647058823
256,24,49,187,0,1,1,0.09375,0.19140625,0.73046875
257,24,49,188,0,0,1,0.0933852140077821,0.19066147859922178,0.7315175097276264
258,25,50,189,1,1,1,0.09689922480620156,0.1937984496124031,0.7325581395348837
259,26,51,190,1,1,1,0.10038610038610038,0.1969111969111969,0.7335907335907336
260,26,51,190,0,0,0,0.1,0.19615384615384615,0.7307692307692307
261,27,51,190,1,0,0,0.10344827586206896,0.19540229885057472,0.7279693486590039
262,28,51,190,1,0,0,0.10687022900763359,0.1946564885496183,0.7251908396946565
263,28,51,191,0,0,1,0.10646387832699619,0.19391634980988592,0.7262357414448669
264,28,51,191,0,0,0,0.10606060606060606,0.19318181818181818,0.7234848484848485
265,28,51,192,0,0,1,0.10566037735849057,0.19245283018867926,0.7245283018867924
266,28,51,192,0,0,0,0.10526315789473684,0.19172932330827067,0.7218045112781954
267,28,52,193,0,1,1,0.10486891385767791,0.1947565543071161,0.7228464419475655
268,28,52,193,0,0,0,0.1044776119402985,0.19402985074626866,0.7201492537313433
269,28,52,194,0,0,1,0.10408921933085502,0.19330855018587362,0.7211895910780669
270,28,52,194,0,0,0,0.1037037037037037,0.1925925925925926,0.7185185185185186
271,28,52,195,0,0,1,0.1033210332103321,0.1918819188191882,0.7195571955719557
272,28,52,195,0,0,0,0.10294117647058823,0.19117647058823528,0.7169117647058824
273,28,53,196,0,1,1,0.10256410256410256,0.19413919413919414,0.717948717948718
274,28,53,196,0,0,0,0.10218978102189781,0.19343065693430658,0.7153284671532847
275,28,54,197,0,1,1,0.10181818181818182,0.19636363636363635,0.7163636363636363
276,28,54,197,0,0,0,0.10144927536231885,0.1956521739130435,0.7137681159420289
277,29,54,198,1,0,1,0.10469314079422383,0.19494584837545126,0.7148014440433214
278,29,54,199,0,0,1,0.10431654676258993,0.19424460431654678,0.7158273381294964
279,29,54,200,0,0,1,0.1039426523297491,0.1935483870967742,0.7168458781362007
280,29,54,201,0,0,1,0.10357142857142858,0.19285714285714287,0.7178571428571429
281,29,54,202,0,0,1,0.10320284697508897,0.19217081850533807,0.7188612099644128
282,29,54,203,0,0,1,0.10283687943262411,0.19148936170212766,0.7198581560283688
283,29,54,204,0,0,1,0.10247349823321555,0.19081272084805653,0.7208480565371025
284,30,55,204,1,1,0,0.1056338028169014,0.1936619718309859,0.7183098591549296
285,31,55,204,1,0,0,0.10877192982456141,0.19298245614035087,0.7157894736842105
286,31,55,205,0,0,1,0.10839160839160839,0.19230769230769232,0.7167832167832168
287,31,55,206,0,0,1,0.10801393728222997,0.1916376306620209,0.7177700348432056
288,31,55,207,0,0,1,0.1076388888888889,0.1909722222222222,0.71875
289,31,55,208,0,0,1,0.10726643598615918,0.1903114186851211,0.7197231833910035
290,31,56,209,0,1,1,0.10689655172413794,0.19310344827586207,0.7206896551724138
291,31,56,210,0,0,1,0.10652920962199312,0.19243986254295534,0.7216494845360825
292,31,56,210,0,0,0,0.10616438356164383,0.1917808219178082,0.7191780821917808
293,32,56,211,1,0,1,0.10921501706484642,0.19112627986348124,0.7201365187713311
294,32,56,212,0,0,1,0.10884353741496598,0.19047619047619047,0.7210884353741497
295,32,57,213,0,1,1,0.10847457627118644,0.19322033898305085,0.7220338983050848
296,32,57,214,0,0,1,0.10810810810810811,0.19256756756756757,0.722972972972973
297,32,57,215,0,0,1,0.10774410774410774,0.1919191919191919,0.7239057239057239
298,32,57,215,0,0,0,0.10738255033557047,0.1912751677852349,0.7214765100671141
299,32,57,216,0,0,1,0.10702341137123746,0.19063545150501673,0.7224080267558528
300,32,57,217,0,0,1,0.10666666666666667,0.19,0.7233333333333334
301,32,58,217,0,1,0,0.10631229235880399,0.19269102990033224,0.7209302325581395
302,32,58,218,0,0,1,0.10596026490066225,0.19205298013245034,0.7218543046357616
303,32,58,219,0,0,1,0.10561056105610561,0.19141914191419143,0.7227722772277227
304,32,58,220,0,0,1,0.10526315789473684,0.19078947368421054,0.7236842105263158
305,32,58,221,0,0,1,0.10491803278688525,0.1901639344262295,0.7245901639344262
306,32,58,222,0,0,1,0.10457516339869281,0.1895424836601307,0.7254901960784313
307,32,58,223,0,0,1,0.10423452768729642,0.18892508143322476,0.7263843648208469
308,32,58,224,0,0,1,0.1038961038961039,0.18831168831168832,0.7272727272727273
309,32,59,224,0,1,0,0.10355987055016182,0.19093851132686085,0.7249190938511327
310,32,59,225,0,0,1,0.1032258064516129,0.19032258064516128,0.7258064516129032
311,32,60,226,0,1,1,0.10289389067524116,0.19292604501607716,0.7266881028938906
312,32,60,227,0,0,1,0.10256410256410256,0.19230769230769232,0.7275641025641025
313,32,60,228,0,0,1,0.10223642172523961,0.19169329073482427,0.7284345047923323
314,32,60,228,0,0,0,0.10191082802547771,0.1910828025477707,0.7261146496815286
315,32,61,229,0,1,1,0.10158730158730159,0.19365079365079366,0.726984126984127
316,32,61,229,0,0,0,0.10126582278481013,0.1930379746835443,0.7246835443037974
317,32,62,229,0,1,0,0.10094637223974763,0.19558359621451105,0.722397476340694
318,32,62,229,0,0,0,0.10062893081761007,0.1949685534591195,0.720125786163522
319,32,62,229,0,0,0,0.10031347962382445,0.19435736677115986,0.7178683385579937
320,32,62,230,0,0,1,0.1,0.19375,0.71875
321,32,63,231,0,1,1,0.09968847352024922,0.19626168224299065,0.719626168224299
322,32,63,231,0,0,0,0.09937888198757763,0.1956521739130435,0.717391304347826
323,33,64,232,1,1,1,0.1021671826625387,0.19814241486068113,0.718266253869969
324,33,64,232,0,0,0,0.10185185185185185,0.19753086419753085,0.7160493827160493
325,33,64,233,0,0,1,0.10153846153846154,0.19692307692307692,0.7169230769230769
326,34,64,234,1,0,1,0.10429447852760736,0.19631901840490798,0.7177914110429447
327,34,65,235,0,1,1,0.10397553516819572,0.19877675840978593,0.7186544342507645
328,34,65,236,0,0,1,0.10365853658536585,0.19817073170731708,0.7195121951219512
329,34,65,237,0,0,1,0.1033434650455927,0.19756838905775076,0.7203647416413373
330,34,65,238,0,0,1,0.10303030303030303,0.19696969696969696,0.7212121212121212
331,34,65,239,0,0,1,0.1027190332326284,0.19637462235649547,0.7220543806646526
332,34,65,240,0,0,1,0.10240963855421686,0.19578313253012047,0.7228915662650602
333,34,66,241,0,1,1,0.1021021021021021,0.1981981981981982,0.7237237237237237
334,34,67,242,0,1,1,0.10179640718562874,0.20059880239520958,0.7245508982035929
335,34,67,243,0,0,1,0.10149253731343283,0.2,0.7253731343283583
336,34,67,243,0,0,0,0.10119047619047619,0.19940476190476192,0.7232142857142857
337,34,68,244,0,1,1,0.10089020771513353,0.20178041543026706,0.7240356083086054
338,34,68,244,0,0,0,0.10059171597633136,0.20118343195266272,0.7218934911242604
339,34,68,245,0,0,1,0.10029498525073746,0.20058997050147492,0.7227138643067846
340,34,68,246,0,0,1,0.1,0.2,0.7235294117647059
341,35,68,246,1,0,0,0.10263929618768329,0.19941348973607037,0.7214076246334311
342,35,68,246,0,0,0,0.1023391812865497,0.19883040935672514,0.7192982456140351
343,35,68,247,0,0,1,0.10204081632653061,0.19825072886297376,0.7201166180758017
344,35,68,247,0,0,0,0.10174418604651163,0.19767441860465115,0.7180232558139535
345,35,69,248,0,1,1,0.10144927536231885,0.2,0.7188405797101449
346,35,69,249,0,0,1,0.10115606936416185,0.1994219653179191,0.7196531791907514
347,35,69,249,0,0,0,0.10086455331412104,0.1988472622478386,0.7175792507204611
348,35,69,249,0,0,0,0.10057471264367816,0.19827586206896552,0.7155172413793104
349,36,69,250,1,0,1,0.10315186246418338,0.1977077363896848,0.7163323782234957
350,36,69,250,0,0,0,0.10285714285714286,0.19714285714285715,0.7142857142857143
351,36,69,250,0,0,0,0.10256410256410256,0.19658119658119658,0.7122507122507122
352,36,69,251,0,0,1,0.10227272727272728,0.19602272727272727,0.7130681818181818
353,36,69,252,0,0,1,0.10198300283286119,0.1954674220963173,0.7138810198300283
354,36,69,253,0,0,1,0.1016949152542373,0.19491525423728814,0.7146892655367232
355,36,69,254,0,0,1,0.10140845070422536,0.19436619718309858,0.7154929577464789
356,36,69,255,0,0,1,0.10112359550561797,0.19382022471910113,0.7162921348314607
357,36,69,256,0,0,1,0.10084033613445378,0.19327731092436976,0.7170868347338936
358,36,69,257,0,0,1,0.1005586592178771,0.19273743016759776,0.7178770949720671
359,36,69,258,0,0,1,0.10027855153203342,0.19220055710306408,0.7186629526462396
360,37,69,259,1,0,1,0.10277777777777777,0.19166666666666668,0.7194444444444444
361,38,69,260,1,0,1,0.10526315789473684,0.19113573407202217,0.7202216066481995
362,38,69,261,0,0,1,0.10497237569060773,0.19060773480662985,0.7209944751381215
363,38,69,261,0,0,0,0.1046831955922865,0.19008264462809918,0.71900826446281
364,38,69,262,0,0,1,0.1043956043956044,0.18956043956043955,0.7197802197802198
365,38,69,263,0,0,1,0.10410958904109589,0.18904109589041096,0.7205479452054795
366,38,69,264,0,0,1,0.10382513661202186,0.1885245901639344,0.7213114754098361
367,38,69,264,0,0,0,0.10354223433242507,0.1880108991825613,0.7193460490463215
368,38,69,265,0,0,1,0.10326086956521739,0.1875,0.720108695652174
369,38,69,266,0,0,1,0.10298102981029811,0.18699186991869918,0.7208672086720868
370,38,69,266,0,0,0,0.10270270270270271,0.1864864864864865,0.7189189189189189
371,38,69,267,0,0,1,0.10242587601078167,0.18598382749326145,0.7196765498652291
372,38,70,267,0,1,0,0.10215053763440861,0.1881720430107527,0.717741935483871
373,38,70,268,0,0,1,0.10187667560321716,0.1876675603217158,0.7184986595174263
374,38,70,269,0,0,1,0.10160427807486631,0.18716577540106952,0.7192513368983957
375,38,70,270,0,0,1,0.10133333333333333,0.18666666666666668,0.72
376,38,70,271,0,0,1,0.10106382978723404,0.18617021276595744,0.7207446808510638
377,38,71,272,0,1,1,0.10079575596816977,0.1883289124668435,0.7214854111405835
378,38,72,273,0,1,1,0.10052910052910052,0.19047619047619047,0.7222222222222222
379,38,72,273,0,0,0,0.10026385224274406,0.18997361477572558,0.7203166226912929
380,38,73,273,0,1,0,0.1,0.19210526315789472,0.718421052631579
381,38,73,274,0,0,1,0.09973753280839895,0.19160104986876642,0.7191601049868767
382,38,73,275,0,0,1,0.09947643979057591,0.19109947643979058,0.7198952879581152
383,38,73,276,0,0,1,0.09921671018276762,0.1906005221932115,0.720626631853786
384,38,73,277,0,0,1,0.09895833333333333,0.19010416666666666,0.7213541666666666
385,38,74,278,0,1,1,0.0987012987012987,0.19220779220779222,0.7220779220779221
386,38,74,279,0,0,1,0.09844559585492228,0.19170984455958548,0.7227979274611399
387,38,74,280,0,0,1,0.09819121447028424,0.19121447028423771,0.7235142118863049
388,38,74,281,0,0,1,0.0979381443298969,0.19072164948453607,0.7242268041237113
389,38,75,281,0,1,0,0.09768637532133675,0.1928020565552699,0.7223650385604113
390,38,75,282,0,0,1,0.09743589743589744,0.19230769230769232,0.7230769230769231
391,38,76,283,0,1,1,0.09718670076726342,0.19437340153452684,0.7237851662404092
392,38,76,284,0,0,1,0.09693877551020408,0.19387755102040816,0.7244897959183674
393,39,76,285,1,0,1,0.09923664122137404,0.19338422391857507,0.7251908396946565
394,39,76,286,0,0,1,0.09898477157360407,0.19289340101522842,0.7258883248730964
395,40,76,287,1,0,1,0.10126582278481013,0.19240506329113924,0.7265822784810126
396,40,76,288,0,0,1,0.10101010101010101,0.1919191919191919,0.7272727272727273
397,40,76,288,0,0,0,0.10075566750629723,0.19143576826196473,0.72544080604534
398,41,76,288,1,0,0,0.10301507537688442,0.19095477386934673,0.7236180904522613
399,41,76,289,0,0,1,0.10275689223057644,0.19047619047619047,0.7243107769423559
400,41,76,290,0,0,1,0.1025,0.19,0.725
401,41,76,291,0,0,1,0.10224438902743142,0.18952618453865336,0.7256857855361596
402,41,77,292,0,1,1,0.10199004975124377,0.19154228855721392,0.7263681592039801
403,41,77,293,0,0,1,0.10173697270471464,0.19106699751861042,0.7270471464019851
404,41,77,294,0,0,1,0.10148514851485149,0.1905940594059406,0.7277227722772277
405,41,78,295,0,1,1,0.10123456790123457,0.1925925925925926,0.7283950617283951
406,41,78,296,0,0,1,0.10098522167487685,0.1921182266009852,0.729064039408867
407,41,79,297,0,1,1,0.10073710073710074,0.1941031941031941,0.7297297297297297
408,42,80,297,1,1,0,0.10294117647058823,0.19607843137254902,0.7279411764705882
409,42,80,298,0,0,1,0.10268948655256724,0.19559902200489,0.7286063569682152
410,42,81,299,0,1,1,0.1024390243902439,0.1975609756097561,0.7292682926829268
411,43,81,300,1,0,1,0.10462287104622871,0.19708029197080293,0.7299270072992701
412,43,82,301,0,1,1,0.10436893203883495,0.19902912621359223,0.7305825242718447
413,44,83,302,1,1,1,0.10653753026634383,0.2009685230024213,0.7312348668280871
414,44,83,303,0,0,1,0.10628019323671498,0.20048309178743962,0.7318840579710145
415,44,83,304,0,0,1,0.10602409638554217,0.2,0.7325301204819277
416,44,83,304,0,0,0,0.10576923076923077,0.19951923076923078,0.7307692307692307
417,44,83,304,0,0,0,0.10551558752997602,0.19904076738609114,0.7290167865707434
418,44,83,305,0,0,1,0.10526315789473684,0.19856459330143542,0.7296650717703349
419,44,84,305,0,1,0,0.10501193317422435,0.20047732696897375,0.7279236276849642
420,44,84,306,0,0,1,0.10476190476190476,0.2,0.7285714285714285
421,44,84,307,0,0,1,0.10451306413301663,0.1995249406175772,0.7292161520190024
422,44,84,308,0,0,1,0.10426540284360189,0.1990521327014218,0.7298578199052133
423,44,84,309,0,0,1,0.10401891252955082,0.19858156028368795,0.7304964539007093
424,44,84,309,0,0,0,0.10377358490566038,0.19811320754716982,0.7287735849056604
425,44,84,310,0,0,1,0.10352941176470588,0.1976470588235294,0.7294117647058823
426,44,85,311,0,1,1,0.10328638497652583,0.19953051643192488,0.7300469483568075
427,44,85,311,0,0,0,0.10304449648711944,0.1990632318501171,0.7283372365339579
428,44,86,312,0,1,1,0.102803738317757,0.20093457943925233,0.7289719626168224
429,44,87,313,0,1,1,0.10256410256410256,0.20279720279720279,0.7296037296037297
430,44,87,314,0,0,1,0.10232558139534884,0.20232558139534884,0.7302325581395349
431,44,87,314,0,0,0,0.10208816705336426,0.20185614849187936,0.728538283062645
432,45,87,315,1,0,1,0.10416666666666667,0.2013888888888889,0.7291666666666666
433,45,87,316,0,0,1,0.10392609699769054,0.20092378752886836,0.7297921478060047
434,45,87,316,0,0,0,0.10368663594470046,0.20046082949308755,0.728110599078341
435,45,87,317,0,0,1,0.10344827586206896,0.2,0.728735632183908
436,45,87,318,0,0,1,0.10321100917431193,0.19954128440366972,0.7293577981651376
437,45,87,318,0,0,0,0.10297482837528604,0.19908466819221968,0.7276887871853547
438,45,88,319,0,1,1,0.10273972602739725,0.2009132420091324,0.728310502283105
439,45,88,320,0,0,1,0.10250569476082004,0.20045558086560364,0.7289293849658315
440,45,88,321,0,0,1,0.10227272727272728,0.2,0.7295454545454545
441,45,88,322,0,0,1,0.10204081632653061,0.19954648526077098,0.7301587301587301
442,45,88,323,0,0,1,0.10180995475113122,0.19909502262443438,0.7307692307692307
443,46,88,324,1,0,1,0.1038374717832957,0.1986455981941309,0.7313769751693002
444,46,88,325,0,0,1,0.1036036036036036,0.1981981981981982,0.7319819819819819
445,46,88,325,0,0,0,0.10337078651685393,0.19775280898876405,0.7303370786516854
446,46,88,326,0,0,1,0.1031390134529148,0.19730941704035873,0.7309417040358744
447,46,88,326,0,0,0,0.1029082774049217,0.19686800894854586,0.7293064876957495
448,46,89,327,0,1,1,0.10267857142857142,0.19866071428571427,0.7299107142857143
449,46,89,327,0,0,0,0.10244988864142539,0.19821826280623608,0.7282850779510023
450,47,89,327,1,0,0,0.10444444444444445,0.19777777777777777,0.7266666666666667
451,47,89,328,0,0,1,0.10421286031042129,0.1973392461197339,0.7272727272727273
452,47,90,329,0,1,1,0.10398230088495575,0.19911504424778761,0.7278761061946902
453,47,90,329,0,0,0,0.10375275938189846,0.1986754966887417,0.7262693156732892
454,47,90,330,0,0,1,0.10352422907488987,0.19823788546255505,0.7268722466960352
455,47,91,330,0,1,0,0.10329670329670329,0.2,0.7252747252747253
456,47,92,330,0,1,0,0.10307017543859649,0.20175438596491227,0.7236842105263158
457,47,92,331,0,0,1,0.10284463894967177,0.2013129102844639,0.7242888402625821
458,47,92,332,0,0,1,0.10262008733624454,0.20087336244541484,0.7248908296943232
459,47,92,333,0,0,1,0.10239651416122005,0.20043572984749455,0.7254901960784313
460,48,92,333,1,0,0,0.10434782608695652,0.2,0.7239130434782609
461,48,92,334,0,0,1,0.10412147505422993,0.19956616052060738,0.7245119305856833
462,48,92,334,0,0,0,0.1038961038961039,0.19913419913419914,0.7229437229437229
463,48,92,335,0,0,1,0.10367170626349892,0.19870410367170627,0.7235421166306696
464,48,93,335,0,1,0,0.10344827586206896,0.20043103448275862,0.7219827586206896
465,48,93,336,0,0,1,0.1032258064516129,0.2,0.7225806451612903
466,48,93,337,0,0,1,0.10300429184549356,0.19957081545064378,0.723175965665236
467,48,93,338,0,0,1,0.10278372591006424,0.19914346895074947,0.7237687366167024
468,48,93,338,0,0,0,0.10256410256410256,0.1987179487179487,0.7222222222222222
469,48,93,338,0,0,0,0.1023454157782516,0.19829424307036247,0.720682302771855
470,48,93,339,0,0,1,0.10212765957446808,0.19787234042553192,0.7212765957446808
471,48,93,340,0,0,1,0.10191082802547771,0.19745222929936307,0.721868365180467
472,48,93,341,0,0,1,0.1016949152542373,0.19703389830508475,0.722457627118644
473,48,93,341,0,0,0,0.1014799154334038,0.19661733615221988,0.7209302325581395
474,48,94,342,0,1,1,0.10126582278481013,0.19831223628691982,0.7215189873417721
475,48,94,342,0,0,0,0.10105263157894737,0.19789473684210526,0.72
476,49,94,343,1,0,1,0.10294117647058823,0.19747899159663865,0.7205882352941176
477,49,94,344,0,0,1,0.10272536687631027,0.1970649895178197,0.7211740041928721
478,49,94,344,0,0,0,0.10251046025104603,0.19665271966527198,0.7196652719665272
479,50,94,344,1,0,0,0.10438413361169102,0.19624217118997914,0.7181628392484343
480,50,95,344,0,1,0,0.10416666666666667,0.19791666666666666,0.7166666666666667
481,50,95,345,0,0,1,0.10395010395010396,0.19750519750519752,0.7172557172557172
482,51,95,346,1,0,1,0.10580912863070539,0.1970954356846473,0.7178423236514523
483,51,95,347,0,0,1,0.10559006211180125,0.19668737060041408,0.7184265010351967
484,51,95,348,0,0,1,0.10537190082644628,0.1962809917355372,0.71900826446281
485,51,95,348,0,0,0,0.10515463917525773,0.1958762886597938,0.7175257731958763
486,51,95,348,0,0,0,0.10493827160493827,0.19547325102880658,0.7160493827160493
487,51,95,349,0,0,1,0.10472279260780287,0.19507186858316222,0.7166324435318275
488,51,95,349,0,0,0,0.10450819672131148,0.19467213114754098,0.7151639344262295
489,51,96,350,0,1,1,0.10429447852760736,0.19631901840490798,0.7157464212678937
490,51,96,351,0,0,1,0.10408163265306122,0.19591836734693877,0.7163265306122449
491,51,97,351,0,1,0,0.10386965376782077,0.1975560081466395,0.714867617107943
492,51,97,352,0,0,1,0.10365853658536585,0.19715447154471544,0.7154471544715447
493,51,97,353,0,0,1,0.10344827586206896,0.19675456389452334,0.716024340770791
494,51,97,354,0,0,1,0.10323886639676114,0.19635627530364372,0.7165991902834008
495,51,97,355,0,0,1,0.10303030303030303,0.19595959595959597,0.7171717171717171
496,51,97,355,0,0,0,0.1028225806451613,0.19556451612903225,0.7157258064516129
497,51,97,355,0,0,0,0.10261569416498995,0.19517102615694165,0.7142857142857143
498,51,97,355,0,0,0,0.10240963855421686,0.19477911646586346,0.7128514056224899
499,51,97,355,0,0,0,0.10220440881763528,0.19438877755511022,0.7114228456913828
500,51,97,356,0,0,1,0.102,0.194,0.712
501,51,98,356,0,1,0,0.10179640718562874,0.19560878243512975,0.7105788423153693
502,51,98,356,0,0,0,0.10159362549800798,0.1952191235059761,0.7091633466135459
503,51,99,357,0,1,1,0.10139165009940358,0.19681908548707752,0.709741550695825
504,51,99,358,0,0,1,0.10119047619047619,0.19642857142857142,0.7103174603174603
505,51,100,359,0,1,1,0.100990099009901,0.19801980198019803,0.7108910891089109
506,51,100,359,0,0,0,0.1007905138339921,0.1976284584980237,0.7094861660079052
507,51,101,360,0,1,1,0.10059171597633136,0.1992110453648915,0.7100591715976331
508,51,101,361,0,0,1,0.10039370078740158,0.19881889763779528,0.7106299212598425
509,51,101,361,0,0,0,0.10019646365422397,0.19842829076620824,0.7092337917485265
510,51,101,361,0,0,0,0.1,0.1980392156862745,0.707843137254902
511,52,101,361,1,0,0,0.10176125244618395,0.19765166340508805,0.7064579256360078
512,52,101,362,0,0,1,0.1015625,0.197265625,0.70703125
513,52,101,363,0,0,1,0.10136452241715399,0.1968810916179337,0.7076023391812866
514,52,101,364,0,0,1,0.10116731517509728,0.19649805447470817,0.708171206225681
515,52,101,364,0,0,0,0.10097087378640776,0.19611650485436893,0.7067961165048544
516,52,102,365,0,1,1,0.10077519379844961,0.19767441860465115,0.7073643410852714
517,52,102,366,0,0,1,0.10058027079303675,0.19729206963249515,0.7079303675048356
518,53,102,366,1,0,0,0.10231660231660232,0.1969111969111969,0.7065637065637066
519,53,102,367,0,0,1,0.10211946050096339,0.19653179190751446,0.7071290944123314
520,53,102,368,0,0,1,0.10192307692307692,0.19615384615384615,0.7076923076923077
521,53,102,369,0,0,1,0.1017274472168906,0.19577735124760076,0.708253358925144
522,53,102,370,0,0,1,0.10153256704980843,0.19540229885057472,0.7088122605363985
523,53,102,371,0,0,1,0.10133843212237094,0.1950286806883365,0.7093690248565966
524,53,102,372,0,0,1,0.10114503816793893,0.1946564885496183,0.7099236641221374
525,53,102,373,0,0,1,0.10095238095238095,0.19428571428571428,0.7104761904761905
526,53,102,374,0,0,1,0.10076045627376426,0.19391634980988592,0.7110266159695817
527,53,102,375,0,0,1,0.10056925996204934,0.1935483870967742,0.7115749525616698
528,53,102,376,0,0,1,0.10037878787878787,0.19318181818181818,0.7121212121212122
529,53,102,377,0,0,1,0.1001890359168242,0.19281663516068054,0.7126654064272212
530,53,103,378,0,1,1,0.1,0.19433962264150945,0.7132075471698113
531,53,103,379,0,0,1,0.09981167608286252,0.19397363465160075,0.7137476459510358
532,53,104,379,0,1,0,0.09962406015037593,0.19548872180451127,0.7124060150375939
533,53,104,379,0,0,0,0.09943714821763602,0.1951219512195122,0.7110694183864915
534,53,104,380,0,0,1,0.09925093632958802,0.1947565543071161,0.7116104868913857
535,53,105,381,0,1,1,0.09906542056074766,0.19626168224299065,0.7121495327102804
536,54,105,382,1,0,1,0.10074626865671642,0.1958955223880597,0.7126865671641791
537,54,105,383,0,0,1,0.1005586592178771,0.19553072625698323,0.7132216014897579
538,54,105,383,0,0,0,0.10037174721189591,0.19516728624535315,0.7118959107806692
539,54,105,383,0,0,0,0.10018552875695733,0.19480519480519481,0.7105751391465677
540,54,105,384,0,0,1,0.1,0.19444444444444445,0.7111111111111111
541,54,105,385,0,0,1,0.09981515711645102,0.19408502772643252,0.711645101663586
542,54,105,386,0,0,1,0.0996309963099631,0.1937269372693727,0.7121771217712177
543,55,105,387,1,0,1,0.10128913443830571,0.19337016574585636,0.712707182320442
544,55,106,387,0,1,0,0.10110294117647059,0.1948529411764706,0.7113970588235294
545,56,106,388,1,0,1,0.10275229357798166,0.1944954128440367,0.7119266055045872
546,56,106,389,0,0,1,0.10256410256410256,0.19413919413919414,0.7124542124542125
547,56,106,389,0,0,0,0.10237659963436929,0.19378427787934185,0.7111517367458866
548,56,107,390,0,1,1,0.10218978102189781,0.19525547445255476,0.7116788321167883
549,56,107,390,0,0,0,0.10200364298724955,0.19489981785063754,0.7103825136612022
550,56,107,391,0,0,1,0.10181818181818182,0.19454545454545455,0.7109090909090909
551,56,107,392,0,0,1,0.10163339382940109,0.19419237749546278,0.7114337568058077
552,56,107,393,0,0,1,0.10144927536231885,0.19384057971014493,0.7119565217391305
553,56,107,394,0,0,1,0.10126582278481013,0.19349005424954793,0.7124773960216998
554,56,107,395,0,0,1,0.10108303249097472,0.1931407942238267,0.7129963898916968
555,56,107,396,0,0,1,0.1009009009009009,0.1927927927927928,0.7135135135135136
556,56,108,396,0,1,0,0.10071942446043165,0.19424460431654678,0.7122302158273381
557,56,108,397,0,0,1,0.10053859964093358,0.19389587073608616,0.7127468581687613
558,56,108,398,0,0,1,0.1003584229390681,0.1935483870967742,0.7132616487455197
559,56,109,399,0,1,1,0.1001788908765653,0.19499105545617174,0.7137745974955277
560,56,110,399,0,1,0,0.1,0.19642857142857142,0.7125
561,56,110,400,0,0,1,0.09982174688057041,0.19607843137254902,0.7130124777183601
562,56,110,401,0,0,1,0.099644128113879,0.19572953736654805,0.7135231316725978
563,56,110,401,0,0,0,0.0994671403197158,0.19538188277087035,0.7122557726465364
564,56,110,402,0,0,1,0.09929078014184398,0.1950354609929078,0.7127659574468085
565,56,111,403,0,1,1,0.09911504424778761,0.19646017699115045,0.7132743362831858
566,56,111,404,0,0,1,0.0989399293286219,0.196113074204947,0.7137809187279152
567,56,111,405,0,0,1,0.09876543209876543,0.19576719576719576,0.7142857142857143
568,56,111,405,0,0,0,0.09859154929577464,0.1954225352112676,0.7130281690140845
569,56,112,406,0,1,1,0.0984182776801406,0.1968365553602812,0.7135325131810193
570,56,112,407,0,0,1,0.09824561403508772,0.19649122807017544,0.7140350877192982
571,56,113,408,0,1,1,0.09807355516637478,0.1978984238178634,0.7145359019264448
572,56,113,409,0,0,1,0.0979020979020979,0.19755244755244755,0.715034965034965
573,56,113,410,0,0,1,0.09773123909249563,0.19720767888307156,0.7155322862129145
574,57,114,411,1,1,1,0.09930313588850175,0.1986062717770035,0.7160278745644599
575,58,114,412,1,0,1,0.10086956521739131,0.19826086956521738,0.7165217391304348
576,58,115,413,0,1,1,0.10069444444444445,0.1996527777777778,0.7170138888888888
577,58,115,414,0,0,1,0.10051993067590988,0.19930675909878684,0.7175043327556326
578,58,115,415,0,0,1,0.10034602076124567,0.19896193771626297,0.7179930795847751
579,59,115,416,1,0,1,0.10189982728842832,0.19861830742659758,0.7184801381692574
580,59,115,417,0,0,1,0.10172413793103448,0.19827586206896552,0.7189655172413794
581,59,115,417,0,0,0,0.10154905335628227,0.19793459552495696,0.7177280550774526
582,59,115,418,0,0,1,0.1013745704467354,0.19759450171821305,0.718213058419244
583,59,115,419,0,0,1,0.10120068610634649,0.19725557461406518,0.7186963979416809
584,59,116,420,0,1,1,0.10102739726027397,0.19863013698630136,0.7191780821917808
585,59,117,421,0,1,1,0.10085470085470086,0.2,0.7196581196581197
586,59,117,422,0,0,1,0.10068259385665529,0.19965870307167236,0.7201365187713311
587,59,117,423,0,0,1,0.10051107325383304,0.19931856899488926,0.7206132879045997
588,60,117,424,1,0,1,0.10204081632653061,0.1989795918367347,0.7210884353741497
589,60,117,425,0,0,1,0.10186757215619695,0.19864176570458403,0.7215619694397284
590,60,117,426,0,0,1,0.1016949152542373,0.19830508474576272,0.7220338983050848
591,60,117,427,0,0,1,0.10152284263959391,0.19796954314720813,0.7225042301184433
592,61,118,428,1,1,1,0.10304054054054054,0.19932432432432431,0.722972972972973
593,61,118,429,0,0,1,0.10286677908937605,0.19898819561551434,0.7234401349072512
594,61,118,430,0,0,1,0.1026936026936027,0.19865319865319866,0.7239057239057239
595,61,118,431,0,0,1,0.10252100840336134,0.19831932773109243,0.7243697478991596
596,61,118,431,0,0,0,0.10234899328859061,0.19798657718120805,0.7231543624161074
597,61,118,431,0,0,0,0.10217755443886097,0.19765494137353434,0.7219430485762144
598,61,118,432,0,0,1,0.1020066889632107,0.19732441471571907,0.7224080267558528
599,61,118,433,0,0,1,0.1018363939899833,0.19699499165275458,0.7228714524207012
600,61,118,433,0,0,0,0.10166666666666667,0.19666666666666666,0.7216666666666667
601,61,118,434,0,0,1,0.10149750415973377,0.19633943427620631,0.7221297836938436
602,62,118,435,1,0,1,0.10299003322259136,0.19601328903654486,0.7225913621262459
603,62,118,435,0,0,0,0.10281923714759536,0.1956882255389718,0.7213930348258707
604,62,118,436,0,0,1,0.10264900662251655,0.19536423841059603,0.7218543046357616
605,62,118,437,0,0,1,0.1024793388429752,0.19504132231404958,0.7223140495867768
606,62,118,438,0,0,1,0.10231023102310231,0.19471947194719472,0.7227722772277227
607,62,118,439,0,0,1,0.10214168039538715,0.19439868204283361,0.7232289950576606
608,62,118,439,0,0,0,0.10197368421052631,0.19407894736842105,0.7220394736842105
609,62,119,439,0,1,0,0.10180623973727422,0.19540229885057472,0.7208538587848933
610,62,119,440,0,0,1,0.10163934426229508,0.19508196721311474,0.7213114754098361
611,63,119,440,1,0,0,0.10310965630114566,0.19476268412438624,0.7201309328968903
612,63,119,440,0,0,0,0.10294117647058823,0.19444444444444445,0.7189542483660131
613,63,119,440,0,0,0,0.10277324632952692,0.19412724306688417,0.7177814029363785
614,63,119,440,0,0,0,0.10260586319218241,0.19381107491856678,0.7166123778501629
615,64,119,441,1,0,1,0.1040650406504065,0.19349593495934958,0.7170731707317073
616,64,119,442,0,0,1,0.1038961038961039,0.19318181818181818,0.7175324675324676
617,64,119,443,0,0,1,0.10372771474878444,0.19286871961102106,0.7179902755267423
618,64,119,443,0,0,0,0.10355987055016182,0.1925566343042071,0.7168284789644013
619,64,119,443,0,0,0,0.10339256865912763,0.19224555735056542,0.715670436187399
620,64,119,444,0,0,1,0.1032258064516129,0.19193548387096773,0.7161290322580646
621,64,119,445,0,0,1,0.10305958132045089,0.19162640901771336,0.71658615136876
622,65,119,445,1,0,0,0.1045016077170418,0.19131832797427653,0.7154340836012861
623,65,119,446,0,0,1,0.1043338683788122,0.19101123595505617,0.7158908507223114
624,65,119,447,0,0,1,0.10416666666666667,0.1907051282051282,0.7163461538461539
625,65,119,448,0,0,1,0.104,0.1904,0.7168
626,65,119,448,0,0,0,0.10383386581469649,0.1900958466453674,0.7156549520766773
627,65,119,448,0,0,0,0.10366826156299841,0.189792663476874,0.7145135566188198
628,65,119,449,0,0,1,0.1035031847133758,0.18949044585987262,0.714968152866242
629,65,120,449,0,1,0,0.10333863275039745,0.1907790143084261,0.7138314785373608
630,65,120,450,0,0,1,0.10317460317460317,0.19047619047619047,0.7142857142857143
631,65,121,450,0,1,0,0.10301109350237718,0.19175911251980982,0.7131537242472267
632,65,121,451,0,0,1,0.10284810126582279,0.19145569620253164,0.7136075949367089
633,66,121,452,1,0,1,0.10426540284360189,0.1911532385466035,0.7140600315955766
634,66,121,452,0,0,0,0.10410094637223975,0.19085173501577288,0.7129337539432177
635,66,122,453,0,1,1,0.10393700787401575,0.1921259842519685,0.7133858267716535
636,66,122,454,0,0,1,0.10377358490566038,0.1918238993710692,0.7138364779874213
637,66,122,455,0,0,1,0.10361067503924647,0.19152276295133439,0.7142857142857143
638,66,122,455,0,0,0,0.10344827586206896,0.19122257053291536,0.713166144200627
639,66,122,456,0,0,1,0.10328638497652583,0.19092331768388107,0.7136150234741784
640,66,122,456,0,0,0,0.103125,0.190625,0.7125
641,66,123,457,0,1,1,0.1029641185647426,0.1918876755070203,0.7129485179407177
642,66,123,458,0,0,1,0.102803738317757,0.19158878504672897,0.7133956386292835
643,66,123,458,0,0,0,0.1026438569206843,0.19129082426127528,0.7122861586314152
644,66,123,459,0,0,1,0.10248447204968944,0.19099378881987578,0.7127329192546584
645,66,123,460,0,0,1,0.10232558139534884,0.19069767441860466,0.7131782945736435
646,66,124,460,0,1,0,0.1021671826625387,0.19195046439628483,0.7120743034055728
647,66,124,461,0,0,1,0.10200927357032458,0.19165378670788252,0.7125193199381762
648,66,124,461,0,0,0,0.10185185185185185,0.19135802469135801,0.7114197530864198
649,66,124,462,0,0,1,0.1016949152542373,0.19106317411402157,0.711864406779661
650,66,124,463,0,0,1,0.10153846153846154,0.19076923076923077,0.7123076923076923
651,67,125,464,1,1,1,0.10291858678955453,0.19201228878648233,0.7127496159754224
652,67,125,464,0,0,0,0.10276073619631902,0.19171779141104295,0.7116564417177914
653,67,126,465,0,1,1,0.10260336906584992,0.19295558958652373,0.7120980091883614
654,67,126,466,0,0,1,0.10244648318042814,0.1926605504587156,0.7125382262996942
655,67,127,466,0,1,0,0.10229007633587786,0.19389312977099238,0.7114503816793893
656,67,127,467,0,0,1,0.10213414634146341,0.19359756097560976,0.711890243902439
657,67,127,468,0,0,1,0.1019786910197869,0.1933028919330289,0.7123287671232876
658,67,127,469,0,0,1,0.10182370820668693,0.19300911854103345,0.7127659574468085
659,67,127,469,0,0,0,0.10166919575113809,0.19271623672230653,0.7116843702579666
660,67,128,470,0,1,1,0.10151515151515152,0.19393939393939394,0.7121212121212122
661,67,129,470,0,1,0,0.10136157337367625,0.1951588502269289,0.7110438729198184
662,67,129,471,0,0,1,0.10120845921450151,0.19486404833836857,0.7114803625377644
663,67,130,472,0,1,1,0.10105580693815988,0.19607843137254902,0.7119155354449472
664,67,130,472,0,0,0,0.10090361445783133,0.19578313253012047,0.7108433734939759
665,67,130,473,0,0,1,0.10075187969924812,0.19548872180451127,0.7112781954887218
666,67,131,474,0,1,1,0.1006006006006006,0.1966966966966967,0.7117117117117117
667,67,131,474,0,0,0,0.10044977511244378,0.19640179910044978,0.7106446776611695
668,67,131,474,0,0,0,0.10029940119760479,0.19610778443113772,0.7095808383233533
669,67,131,474,0,0,0,0.10014947683109118,0.19581464872944693,0.7085201793721974
670,67,131,475,0,0,1,0.1,0.19552238805970149,0.7089552238805971
671,67,131,476,0,0,1,0.09985096870342772,0.19523099850968703,0.7093889716840537
672,67,131,477,0,0,1,0.09970238095238096,0.1949404761904762,0.7098214285714286
673,67,131,478,0,0,1,0.09955423476968796,0.19465081723625557,0.7102526002971769
674,68,131,479,1,0,1,0.10089020771513353,0.1943620178041543,0.7106824925816023
675,68,131,480,0,0,1,0.10074074074074074,0.19407407407407407,0.7111111111111111
676,68,131,480,0,0,0,0.10059171597633136,0.1937869822485207,0.7100591715976331
677,68,132,481,0,1,1,0.10044313146233383,0.19497784342688332,0.7104874446085672
678,68,133,481,0,1,0,0.10029498525073746,0.19616519174041297,0.7094395280235988
679,69,133,482,1,0,1,0.101620029455081,0.1958762886597938,0.7098674521354934
680,69,133,482,0,0,0,0.10147058823529412,0.19558823529411765,0.7088235294117647
681,69,133,483,0,0,1,0.1013215859030837,0.19530102790014683,0.7092511013215859
682,69,133,484,0,0,1,0.10117302052785923,0.19501466275659823,0.7096774193548387
683,69,133,485,0,0,1,0.10102489019033675,0.19472913616398244,0.7101024890190337
684,69,133,486,0,0,1,0.10087719298245613,0.19444444444444445,0.7105263157894737
685,69,133,487,0,0,1,0.10072992700729927,0.19416058394160585,0.710948905109489
686,70,134,487,1,1,0,0.10204081632653061,0.19533527696793002,0.7099125364431487
687,70,134,488,0,0,1,0.10189228529839883,0.1950509461426492,0.710334788937409
688,70,134,489,0,0,1,0.10174418604651163,0.19476744186046513,0.7107558139534884
689,70,134,490,0,0,1,0.10159651669085631,0.19448476052249636,0.7111756168359942
690,70,134,491,0,0,1,0.10144927536231885,0.19420289855072465,0.7115942028985507
691,70,135,492,0,1,1,0.10130246020260492,0.19536903039073805,0.7120115774240231
692,70,136,493,0,1,1,0.10115606936416185,0.19653179190751446,0.7124277456647399
693,71,136,494,1,0,1,0.10245310245310245,0.19624819624819625,0.7128427128427128
694,71,136,495,0,0,1,0.10230547550432277,0.19596541786743515,0.7132564841498559
695,71,137,496,0,1,1,0.10215827338129496,0.1971223021582734,0.7136690647482015
696,71,138,496,0,1,0,0.10201149425287356,0.19827586206896552,0.7126436781609196
697,71,138,497,0,0,1,0.10186513629842181,0.19799139167862267,0.7130559540889526
698,71,139,497,0,1,0,0.1017191977077364,0.1991404011461318,0.7120343839541547
699,71,140,498,0,1,1,0.10157367668097282,0.20028612303290416,0.7124463519313304
700,71,140,499,0,0,1,0.10142857142857142,0.2,0.7128571428571429
701,72,140,500,1,0,1,0.10271041369472182,0.19971469329529243,0.7132667617689016
702,72,140,501,0,0,1,0.10256410256410256,0.19943019943019943,0.7136752136752137
703,72,141,502,0,1,1,0.10241820768136557,0.20056899004267426,0.7140825035561877
704,72,141,502,0,0,0,0.10227272727272728,0.2002840909090909,0.7130681818181818
705,72,142,502,0,1,0,0.10212765957446808,0.20141843971631207,0.7120567375886525
706,72,142,503,0,0,1,0.10198300283286119,0.20113314447592068,0.7124645892351275
707,72,143,504,0,1,1,0.10183875530410184,0.20226308345120225,0.7128712871287128
708,72,144,505,0,1,1,0.1016949152542373,0.2033898305084746,0.713276836158192
709,72,144,506,0,0,1,0.10155148095909731,0.20310296191819463,0.7136812411847673
710,72,145,507,0,1,1,0.10140845070422536,0.20422535211267606,0.7140845070422536
711,73,145,508,1,0,1,0.10267229254571027,0.2039381153305204,0.7144866385372715
712,74,145,508,1,0,0,0.10393258426966293,0.20365168539325842,0.7134831460674157
713,74,145,509,0,0,1,0.10378681626928471,0.20336605890603085,0.7138849929873773
714,74,145,509,0,0,0,0.10364145658263306,0.2030812324929972,0.7128851540616247
715,74,145,509,0,0,0,0.1034965034965035,0.20279720279720279,0.7118881118881119
716,74,145,510,0,0,1,0.10335195530726257,0.20251396648044692,0.7122905027932961
717,74,145,511,0,0,1,0.10320781032078104,0.20223152022315202,0.7126917712691772
718,74,145,512,0,0,1,0.10306406685236769,0.201949860724234,0.713091922005571
719,74,146,512,0,1,0,0.10292072322670376,0.20305980528511822,0.7121001390820584
720,74,147,513,0,1,1,0.10277777777777777,0.20416666666666666,0.7125
721,74,147,514,0,0,1,0.10263522884882108,0.20388349514563106,0.7128987517337032
722,74,147,514,0,0,0,0.10249307479224377,0.203601108033241,0.7119113573407202
723,75,147,515,1,0,1,0.1037344398340249,0.2033195020746888,0.7123098201936376
724,75,147,516,0,0,1,0.10359116022099447,0.20303867403314918,0.712707182320442
725,75,148,516,0,1,0,0.10344827586206896,0.20413793103448277,0.7117241379310345
726,76,148,517,1,0,1,0.1046831955922865,0.20385674931129477,0.7121212121212122
727,76,148,518,0,0,1,0.10453920220082531,0.20357634112792297,0.7125171939477304
728,76,148,519,0,0,1,0.1043956043956044,0.2032967032967033,0.7129120879120879
729,76,149,520,0,1,1,0.10425240054869685,0.20438957475994513,0.7133058984910837
730,76,149,521,0,0,1,0.10410958904109589,0.20410958904109588,0.7136986301369863
731,76,149,522,0,0,1,0.1039671682626539,0.20383036935704515,0.7140902872777017
732,76,149,522,0,0,0,0.10382513661202186,0.20355191256830601,0.7131147540983607
733,76,150,523,0,1,1,0.10368349249658936,0.20463847203274216,0.713506139154161
734,76,150,524,0,0,1,0.10354223433242507,0.20435967302452315,0.7138964577656676
735,76,150,524,0,0,0,0.10340136054421768,0.20408163265306123,0.7129251700680272
736,76,150,524,0,0,0,0.10326086956521739,0.20380434782608695,0.7119565217391305
737,77,150,525,1,0,1,0.1044776119402985,0.20352781546811397,0.7123473541383989
738,77,150,525,0,0,0,0.1043360433604336,0.2032520325203252,0.7113821138211383
739,77,150,525,0,0,0,0.10419485791610285,0.2029769959404601,0.7104194857916103
740,77,150,526,0,0,1,0.10405405405405406,0.20270270270270271,0.7108108108108108
741,78,150,526,1,0,0,0.10526315789473684,0.20242914979757085,0.7098515519568152
742,79,150,527,1,0,1,0.10646900269541779,0.20215633423180593,0.7102425876010782
743,79,150,528,0,0,1,0.1063257065948856,0.2018842530282638,0.7106325706594886
744,79,150,529,0,0,1,0.10618279569892473,0.20161290322580644,0.7110215053763441
745,79,151,530,0,1,1,0.10604026845637583,0.20268456375838925,0.7114093959731543
746,79,152,531,0,1,1,0.10589812332439678,0.2037533512064343,0.7117962466487936
747,79,153,532,0,1,1,0.10575635876840696,0.20481927710843373,0.7121820615796519
748,79,153,533,0,0,1,0.10561497326203209,0.20454545454545456,0.7125668449197861
749,79,153,533,0,0,0,0.1054739652870494,0.20427236315086783,0.7116154873164219
750,79,153,533,0,0,0,0.10533333333333333,0.204,0.7106666666666667
751,79,153,534,0,0,1,0.1051930758988016,0.20372836218375498,0.711051930758988
752,79,153,534,0,0,0,0.10505319148936171,0.20345744680851063,0.7101063829787234
753,79,153,535,0,0,1,0.1049136786188579,0.20318725099601595,0.7104913678618858
754,79,154,536,0,1,1,0.10477453580901856,0.20424403183023873,0.7108753315649867
755,79,154,537,0,0,1,0.10463576158940398,0.20397350993377483,0.7112582781456953
756,79,154,538,0,0,1,0.10449735449735449,0.2037037037037037,0.7116402116402116
757,79,154,539,0,0,1,0.10435931307793923,0.20343461030383092,0.7120211360634082
758,79,154,540,0,0,1,0.10422163588390501,0.20316622691292877,0.712401055408971
759,79,154,540,0,0,0,0.10408432147562582,0.2028985507246377,0.7114624505928854
760,79,154,540,0,0,0,0.10394736842105264,0.2026315789473684,0.7105263157894737
761,79,154,540,0,0,0,0.1038107752956636,0.202365308804205,0.709592641261498
762,79,154,541,0,0,1,0.1036745406824147,0.2020997375328084,0.7099737532808399
763,79,154,542,0,0,1,0.10353866317169069,0.2018348623853211,0.7103538663171691
764,79,154,543,0,0,1,0.10340314136125654,0.20157068062827224,0.7107329842931938
765,79,154,544,0,0,1,0.10326797385620914,0.20130718954248367,0.7111111111111111
766,79,154,545,0,0,1,0.1031331592689295,0.2010443864229765,0.7114882506527415
767,79,154,545,0,0,0,0.10299869621903521,0.20078226857887874,0.7105606258148631
768,80,154,546,1,0,1,0.10416666666666667,0.20052083333333334,0.7109375
769,80,154,546,0,0,0,0.10403120936280884,0.20026007802340703,0.7100130039011704
770,80,154,546,0,0,0,0.1038961038961039,0.2,0.7090909090909091
771,80,154,547,0,0,1,0.10376134889753567,0.19974059662775617,0.7094682230869002
772,80,154,548,0,0,1,0.10362694300518134,0.19948186528497408,0.7098445595854922
773,80,154,549,0,0,1,0.1034928848641656,0.19922380336351875,0.7102199223803364
774,80,154,550,0,0,1,0.10335917312661498,0.19896640826873385,0.710594315245478
775,80,154,551,0,0,1,0.1032258064516129,0.19870967741935483,0.7109677419354838
776,81,154,552,1,0,1,0.10438144329896908,0.19845360824742267,0.711340206185567
777,81,154,553,0,0,1,0.10424710424710425,0.1981981981981982,0.7117117117117117
778,81,154,554,0,0,1,0.10411311053984576,0.19794344473007713,0.712082262210797
779,81,154,554,0,0,0,0.10397946084724005,0.19768934531450577,0.711168164313222
780,81,154,555,0,0,1,0.10384615384615385,0.19743589743589743,0.7115384615384616
781,81,154,556,0,0,1,0.10371318822023047,0.19718309859154928,0.7119078104993598
782,81,154,557,0,0,1,0.10358056265984655,0.1969309462915601,0.7122762148337596
783,81,154,557,0,0,0,0.10344827586206896,0.1966794380587484,0.7113665389527458
784,82,154,558,1,0,1,0.10459183673469388,0.19642857142857142,0.7117346938775511
785,82,154,559,0,0,1,0.10445859872611465,0.1961783439490446,0.7121019108280254
786,82,154,560,0,0,1,0.10432569974554708,0.19592875318066158,0.712468193384224
787,82,154,561,0,0,1,0.10419313850063533,0.19567979669631513,0.7128335451080051
788,82,154,562,0,0,1,0.10406091370558376,0.19543147208121828,0.7131979695431472
789,82,154,562,0,0,0,0.10392902408111533,0.19518377693282637,0.7122940430925222
790,82,154,563,0,0,1,0.10379746835443038,0.1949367088607595,0.7126582278481013
791,82,154,564,0,0,1,0.10366624525916561,0.19469026548672566,0.7130214917825537
792,82,154,565,0,0,1,0.10353535353535354,0.19444444444444445,0.7133838383838383
793,82,154,565,0,0,0,0.1034047919293821,0.19419924337957126,0.712484237074401
794,82,154,566,0,0,1,0.10327455919395466,0.19395465994962216,0.7128463476070529
795,82,154,567,0,0,1,0.10314465408805032,0.19371069182389938,0.7132075471698113
796,82,154,568,0,0,1,0.10301507537688442,0.1934673366834171,0.7135678391959799
797,83,154,568,1,0,0,0.10414052697616061,0.1932245922208281,0.71267252195734
798,83,155,569,0,1,1,0.10401002506265664,0.19423558897243107,0.7130325814536341
799,83,155,570,0,0,1,0.10387984981226533,0.1939924906132666,0.7133917396745932
800,83,155,571,0,0,1,0.10375,0.19375,0.71375
801,83,155,572,0,0,1,0.10362047440699126,0.19350811485642946,0.714107365792759
802,83,155,572,0,0,0,0.10349127182044887,0.19326683291770574,0.713216957605985
803,83,155,573,0,0,1,0.10336239103362391,0.1930261519302615,0.7135740971357409
804,83,155,573,0,0,0,0.10323383084577115,0.1927860696517413,0.7126865671641791
805,83,155,573,0,0,0,0.1031055900621118,0.19254658385093168,0.7118012422360248
806,83,155,574,0,0,1,0.10297766749379653,0.19230769230769232,0.7121588089330024
807,83,155,575,0,0,1,0.10285006195786865,0.19206939281288724,0.7125154894671624
808,83,155,576,0,0,1,0.10272277227722772,0.19183168316831684,0.7128712871287128
809,83,155,577,0,0,1,0.10259579728059333,0.1915945611866502,0.7132262051915945
810,83,155,578,0,0,1,0.10246913580246914,0.19135802469135801,0.7135802469135802
811,83,155,579,0,0,1,0.10234278668310727,0.19112207151664612,0.7139334155363748
812,84,155,579,1,0,0,0.10344827586206896,0.19088669950738915,0.7130541871921182
813,84,155,579,0,0,0,0.1033210332103321,0.1906519065190652,0.7121771217712177
814,84,155,580,0,0,1,0.10319410319410319,0.1904176904176904,0.7125307125307125
815,84,155,581,0,0,1,0.10306748466257669,0.1901840490797546,0.7128834355828221
816,84,155,582,0,0,1,0.10294117647058823,0.18995098039215685,0.7132352941176471
817,85,155,583,1,0,1,0.10403916768665851,0.189718482252142,0.7135862913096696
818,85,155,583,0,0,0,0.1039119804400978,0.18948655256723718,0.7127139364303179
819,85,155,584,0,0,1,0.10378510378510379,0.18925518925518925,0.7130647130647131
820,85,155,585,0,0,1,0.10365853658536585,0.18902439024390244,0.7134146341463414
821,85,155,586,0,0,1,0.10353227771010962,0.18879415347137637,0.7137637028014616
822,85,155,586,0,0,0,0.10340632603406326,0.18856447688564476,0.7128953771289538
823,85,155,586,0,0,0,0.10328068043742406,0.18833535844471447,0.7120291616038882
824,85,155,587,0,0,1,0.10315533980582524,0.18810679611650485,0.712378640776699
825,85,155,587,0,0,0,0.10303030303030303,0.18787878787878787,0.7115151515151515
826,85,155,588,0,0,1,0.10290556900726393,0.18765133171912832,0.711864406779661
827,85,155,589,0,0,1,0.10278113663845223,0.18742442563482467,0.7122128174123338
828,85,155,589,0,0,0,0.10265700483091787,0.18719806763285024,0.711352657004831
829,85,155,590,0,0,1,0.10253317249698432,0.18697225572979492,0.7117008443908324
830,86,155,591,1,0,1,0.10361445783132531,0.18674698795180722,0.7120481927710843
831,86,155,592,0,0,1,0.10348977135980746,0.1865222623345367,0.7123947051744886
832,86,155,592,0,0,0,0.10336538461538461,0.18629807692307693,0.7115384615384616
833,86,155,593,0,0,1,0.10324129651860744,0.18607442977190877,0.7118847539015606
834,86,155,594,0,0,1,0.10311750599520383,0.18585131894484413,0.7122302158273381
835,86,155,595,0,0,1,0.1029940119760479,0.18562874251497005,0.7125748502994012
836,86,155,596,0,0,1,0.10287081339712918,0.1854066985645933,0.7129186602870813
837,86,155,597,0,0,1,0.1027479091995221,0.18518518518518517,0.7132616487455197
838,86,155,598,0,0,1,0.1026252983293556,0.18496420047732698,0.7136038186157518
839,86,155,598,0,0,0,0.10250297973778308,0.18474374255065554,0.7127532777115614
840,86,155,598,0,0,0,0.10238095238095238,0.18452380952380953,0.7119047619047619
841,87,155,599,1,0,1,0.10344827586206896,0.18430439952437574,0.7122473246135553
842,87,156,599,0,1,0,0.10332541567695962,0.18527315914489312,0.7114014251781473
843,87,156,599,0,0,0,0.10320284697508897,0.18505338078291814,0.7105575326215896
844,87,157,599,0,1,0,0.10308056872037914,0.18601895734597157,0.7097156398104265
845,88,158,599,1,1,0,0.10414201183431952,0.18698224852071005,0.7088757396449704
846,88,158,600,0,0,1,0.10401891252955082,0.1867612293144208,0.7092198581560284
847,89,159,601,1,1,1,0.1050767414403778,0.18772136953955135,0.7095631641086186
848,89,160,602,0,1,1,0.10495283018867925,0.18867924528301888,0.7099056603773585
849,89,160,603,0,0,1,0.10482921083627797,0.18845700824499412,0.7102473498233216
850,89,160,604,0,0,1,0.10470588235294118,0.18823529411764706,0.7105882352941176
851,89,160,605,0,0,1,0.1045828437132785,0.18801410105757932,0.7109283196239718
852,90,161,606,1,1,1,0.1056338028169014,0.18896713615023475,0.7112676056338029
853,90,161,607,0,0,1,0.10550996483001172,0.18874560375146543,0.7116060961313013
854,90,162,607,0,1,0,0.1053864168618267,0.18969555035128804,0.7107728337236534
855,90,162,608,0,0,1,0.10526315789473684,0.18947368421052632,0.7111111111111111
856,90,162,609,0,0,1,0.10514018691588785,0.18925233644859812,0.7114485981308412
857,91,162,609,1,0,0,0.10618436406067679,0.18903150525087514,0.7106184364060677
858,91,162,610,0,0,1,0.10606060606060606,0.1888111888111888,0.710955710955711
859,91,162,610,0,0,0,0.10593713620488941,0.18859138533178113,0.710128055878929
860,91,162,611,0,0,1,0.1058139534883721,0.1883720930232558,0.7104651162790697
861,91,163,612,0,1,1,0.10569105691056911,0.18931475029036005,0.710801393728223
862,91,163,613,0,0,1,0.10556844547563805,0.18909512761020883,0.7111368909512761
863,91,163,614,0,0,1,0.10544611819235226,0.18887601390498263,0.7114716106604867
864,91,163,615,0,0,1,0.10532407407407407,0.1886574074074074,0.7118055555555556
865,91,164,616,0,1,1,0.10520231213872833,0.18959537572254334,0.7121387283236994
866,91,164,617,0,0,1,0.10508083140877598,0.18937644341801385,0.7124711316397229
867,91,164,618,0,0,1,0.104959630911188,0.18915801614763553,0.71280276816609
868,91,164,618,0,0,0,0.10483870967741936,0.1889400921658986,0.7119815668202765
869,91,164,619,0,0,1,0.1047180667433832,0.18872266973532797,0.7123130034522439
870,91,164,620,0,0,1,0.10459770114942529,0.18850574712643678,0.7126436781609196
871,91,164,621,0,0,1,0.1044776119402985,0.18828932261768083,0.7129735935706085
872,91,164,622,0,0,1,0.10435779816513761,0.18807339449541285,0.713302752293578
873,91,164,623,0,0,1,0.10423825887743414,0.18785796105383734,0.713631156930126
874,91,165,623,0,1,0,0.10411899313501144,0.18878718535469108,0.7128146453089245
875,91,165,623,0,0,0,0.104,0.18857142857142858,0.712
876,91,165,624,0,0,1,0.10388127853881278,0.18835616438356165,0.7123287671232876
877,91,165,625,0,0,1,0.10376282782212087,0.18814139110604333,0.7126567844925884
878,91,165,626,0,0,1,0.10364464692482915,0.18792710706150342,0.7129840546697038
879,92,165,626,1,0,0,0.10466439135381114,0.18771331058020477,0.7121729237770194
880,92,165,627,0,0,1,0.10454545454545454,0.1875,0.7125
881,92,165,627,0,0,0,0.10442678774120318,0.1872871736662883,0.7116912599318955
882,92,165,628,0,0,1,0.10430839002267574,0.1870748299319728,0.7120181405895691
883,92,165,629,0,0,1,0.10419026047565119,0.1868629671574179,0.7123442808607021
884,92,165,629,0,0,0,0.10407239819004525,0.18665158371040724,0.7115384615384616
885,92,165,629,0,0,0,0.103954802259887,0.1864406779661017,0.7107344632768362
886,92,165,630,0,0,1,0.1038374717832957,0.18623024830699775,0.7110609480812641
887,92,165,631,0,0,1,0.10372040586245772,0.18602029312288612,0.7113866967305524
888,92,166,631,0,1,0,0.1036036036036036,0.18693693693693694,0.7105855855855856
889,92,166,632,0,0,1,0.10348706411698538,0.18672665916760406,0.7109111361079865
890,92,166,632,0,0,0,0.10337078651685393,0.18651685393258427,0.7101123595505618
891,92,167,633,0,1,1,0.10325476992143659,0.18742985409652077,0.7104377104377104
892,92,167,634,0,0,1,0.1031390134529148,0.18721973094170405,0.7107623318385651
893,92,167,635,0,0,1,0.10302351623740201,0.187010078387458,0.7110862262038073
894,92,168,636,0,1,1,0.1029082774049217,0.18791946308724833,0.7114093959731543
895,92,168,637,0,0,1,0.10279329608938548,0.1877094972067039,0.711731843575419
896,92,168,638,0,0,1,0.10267857142857142,0.1875,0.7120535714285714
897,92,168,639,0,0,1,0.10256410256410256,0.18729096989966554,0.7123745819397993
898,92,168,639,0,0,0,0.10244988864142539,0.1870824053452116,0.7115812917594655
899,92,169,640,0,1,1,0.10233592880978866,0.18798665183537264,0.7119021134593994
900,92,169,640,0,0,0,0.10222222222222223,0.18777777777777777,0.7111111111111111
901,92,169,641,0,0,1,0.10210876803551609,0.18756936736958935,0.7114317425083241
902,92,169,642,0,0,1,0.10199556541019955,0.18736141906873613,0.7117516629711752
903,92,169,642,0,0,0,0.10188261351052048,0.18715393133997785,0.7109634551495017
904,92,170,643,0,1,1,0.10176991150442478,0.18805309734513273,0.7112831858407079
905,92,171,643,0,1,0,0.10165745856353592,0.18895027624309393,0.7104972375690608
906,93,171,644,1,0,1,0.10264900662251655,0.18874172185430463,0.7108167770419426
907,93,171,645,0,0,1,0.10253583241455347,0.18853362734288864,0.7111356119073869
908,93,171,646,0,0,1,0.10242290748898679,0.1883259911894273,0.711453744493392
909,93,171,647,0,0,1,0.10231023102310231,0.18811881188118812,0.7117711771177118
910,93,172,647,0,1,0,0.1021978021978022,0.189010989010989,0.710989010989011
911,93,172,648,0,0,1,0.10208562019758508,0.18880351262349068,0.7113062568605928
912,93,172,649,0,0,1,0.10197368421052631,0.18859649122807018,0.7116228070175439
913,93,173,650,0,1,1,0.10186199342825848,0.18948521358159912,0.7119386637458927
914,93,174,651,0,1,1,0.10175054704595186,0.19037199124726478,0.712253829321663
915,94,174,652,1,0,1,0.10273224043715846,0.1901639344262295,0.7125683060109289
916,94,175,653,0,1,1,0.10262008733624454,0.19104803493449782,0.712882096069869
917,94,175,654,0,0,1,0.1025081788440567,0.19083969465648856,0.7131952017448201
918,94,175,655,0,0,1,0.10239651416122005,0.1906318082788671,0.7135076252723311
919,95,175,656,1,0,1,0.10337323177366703,0.19042437431991294,0.7138193688792165
920,95,175,657,0,0,1,0.10326086956521739,0.19021739130434784,0.7141304347826087
921,95,175,658,0,0,1,0.10314875135722042,0.19001085776330076,0.7144408251900108
922,95,175,659,0,0,1,0.10303687635574837,0.1898047722342733,0.7147505422993492
923,95,175,660,0,0,1,0.10292524377031419,0.18959913326110509,0.7150595882990249
924,95,175,661,0,0,1,0.10281385281385282,0.1893939393939394,0.7153679653679653
925,95,175,662,0,0,1,0.10270270270270271,0.1891891891891892,0.7156756756756757
926,95,176,663,0,1,1,0.10259179265658748,0.1900647948164147,0.7159827213822895
927,95,176,663,0,0,0,0.10248112189859762,0.18985976267529667,0.7152103559870551
928,95,177,663,0,1,0,0.10237068965517242,0.19073275862068967,0.7144396551724138
929,95,177,664,0,0,1,0.10226049515608181,0.19052744886975242,0.7147470398277718
930,95,178,665,0,1,1,0.10215053763440861,0.1913978494623656,0.7150537634408602
931,95,178,666,0,0,1,0.10204081632653061,0.19119226638023631,0.715359828141783
932,95,179,666,0,1,0,0.10193133047210301,0.19206008583690987,0.7145922746781116
933,95,179,667,0,0,1,0.10182207931404073,0.19185423365487675,0.714898177920686
934,95,180,668,0,1,1,0.10171306209850108,0.19271948608137046,0.715203426124197
935,95,180,669,0,0,1,0.10160427807486631,0.1925133689839572,0.7155080213903743
936,95,180,670,0,0,1,0.1014957264957265,0.19230769230769232,0.7158119658119658
937,95,180,671,0,0,1,0.10138740661686232,0.192102454642476,0.7161152614727855
938,95,180,671,0,0,0,0.10127931769722814,0.19189765458422176,0.7153518123667377
939,95,180,672,0,0,1,0.10117145899893504,0.19169329073482427,0.7156549520766773
940,95,180,673,0,0,1,0.10106382978723404,0.19148936170212766,0.7159574468085106
941,95,180,674,0,0,1,0.10095642933049948,0.19128586609989373,0.7162592986184909
942,95,180,675,0,0,1,0.10084925690021232,0.1910828025477707,0.7165605095541401
943,95,180,676,0,0,1,0.1007423117709438,0.19088016967126192,0.7168610816542949
944,95,180,677,0,0,1,0.10063559322033898,0.1906779661016949,0.7171610169491526
945,95,180,678,0,0,1,0.10052910052910052,0.19047619047619047,0.7174603174603175
946,95,180,678,0,0,0,0.10042283298097252,0.19027484143763213,0.7167019027484144
947,96,180,679,1,0,1,0.10137275607180571,0.1900739176346357,0.7170010559662091
948,96,180,680,0,0,1,0.10126582278481013,0.189873417721519,0.7172995780590717
949,96,180,680,0,0,0,0.101159114857745,0.18967334035827185,0.7165437302423604
950,97,180,681,1,0,1,0.10210526315789474,0.18947368421052632,0.716842105263158
951,97,181,682,0,1,1,0.10199789695057834,0.19032597266035753,0.7171398527865405
952,97,181,683,0,0,1,0.10189075630252101,0.19012605042016806,0.717436974789916
953,97,181,684,0,0,1,0.10178384050367262,0.18992654774396642,0.7177334732423925
954,98,181,685,1,0,1,0.10272536687631027,0.18972746331236898,0.7180293501048218
955,98,182,686,0,1,1,0.10261780104712041,0.1905759162303665,0.7183246073298429
956,98,183,687,0,1,1,0.10251046025104603,0.19142259414225943,0.7186192468619247
957,98,183,687,0,0,0,0.10240334378265413,0.19122257053291536,0.7178683385579937
958,98,183,688,0,0,1,0.1022964509394572,0.19102296450939457,0.7181628392484343
959,98,183,689,0,0,1,0.10218978102189781,0.1908237747653806,0.7184567257559958
960,99,183,690,1,0,1,0.103125,0.190625,0.71875
961,99,183,690,0,0,0,0.10301768990634755,0.19042663891779396,0.7180020811654526
962,99,183,691,0,0,1,0.10291060291060292,0.19022869022869024,0.7182952182952183
963,99,183,692,0,0,1,0.102803738317757,0.19003115264797507,0.7185877466251298
964,99,184,693,0,1,1,0.10269709543568464,0.1908713692946058,0.7188796680497925
965,99,184,694,0,0,1,0.10259067357512953,0.19067357512953367,0.7191709844559585
966,99,184,695,0,0,1,0.10248447204968944,0.19047619047619047,0.7194616977225673
967,99,184,696,0,0,1,0.10237849017580145,0.19027921406411583,0.7197518097207859
968,99,184,697,0,0,1,0.10227272727272728,0.19008264462809918,0.7200413223140496
969,99,185,698,0,1,1,0.1021671826625387,0.19091847265221878,0.7203302373581011
970,99,186,699,0,1,1,0.10206185567010309,0.19175257731958764,0.7206185567010309
971,99,186,700,0,0,1,0.101956745623069,0.19155509783728114,0.7209062821833162
972,99,186,701,0,0,1,0.10185185185185185,0.19135802469135801,0.7211934156378601
973,99,187,701,0,1,0,0.10174717368961973,0.19218910585817062,0.7204522096608428
974,99,187,702,0,0,1,0.10164271047227925,0.1919917864476386,0.7207392197125256
975,99,187,702,0,0,0,0.10153846153846154,0.19179487179487179,0.72
976,99,187,702,0,0,0,0.1014344262295082,0.1915983606557377,0.7192622950819673
977,99,187,703,0,0,1,0.10133060388945753,0.19140225179119755,0.7195496417604913
978,99,187,704,0,0,1,0.10122699386503067,0.19120654396728015,0.7198364008179959
979,100,188,705,1,1,1,0.10214504596527069,0.1920326864147089,0.7201225740551583
980,100,188,706,0,0,1,0.10204081632653061,0.19183673469387755,0.7204081632653061
981,100,188,707,0,0,1,0.1019367991845056,0.19164118246687054,0.7206931702344547
982,101,189,708,1,1,1,0.10285132382892057,0.1924643584521385,0.7209775967413442
983,102,190,709,1,1,1,0.10376398779247202,0.19328585961342828,0.7212614445574771
984,102,190,710,0,0,1,0.10365853658536585,0.19308943089430894,0.7215447154471545
985,102,190,710,0,0,0,0.10355329949238579,0.19289340101522842,0.7208121827411168
986,102,190,711,0,0,1,0.10344827586206896,0.1926977687626775,0.7210953346855984
987,103,191,712,1,1,1,0.10435663627152988,0.19351570415400202,0.7213779128672746
988,103,191,713,0,0,1,0.10425101214574899,0.19331983805668015,0.72165991902834
989,103,191,714,0,0,1,0.10414560161779575,0.19312436804853386,0.7219413549039434
990,103,191,715,0,0,1,0.10404040404040404,0.19292929292929292,0.7222222222222222
991,103,191,716,0,0,1,0.10393541876892028,0.1927346115035318,0.722502522704339
992,103,191,717,0,0,1,0.10383064516129033,0.19254032258064516,0.7227822580645161
993,103,191,718,0,0,1,0.10372608257804633,0.19234642497482377,0.7230614300100705
994,104,191,718,1,0,0,0.10462776659959759,0.1921529175050302,0.7223340040241448
995,104,192,719,0,1,1,0.10452261306532663,0.192964824120603,0.7226130653266332
996,104,193,720,0,1,1,0.10441767068273092,0.19377510040160642,0.7228915662650602
997,104,193,721,0,0,1,0.10431293881644935,0.19358074222668004,0.7231695085255767
998,104,194,722,0,1,1,0.10420841683366733,0.19438877755511022,0.7234468937875751
999,104,194,723,0,0,1,0.1041041041041041,0.1941941941941942,0.7237237237237237
1000,105,194,724,1,0,1,0.105,0.194,0.724